member,bioguide_id,party,state,Immigration_total_score,Immigration_vote_totals,Immigration_mean_score,Immigration_final_score,Healthcare_total_score,Healthcare_vote_totals,Healthcare_mean_score,Healthcare_final_score,Taxes_spending_budget_total_score,Taxes_spending_budget_vote_totals,Taxes_spending_budget_mean_score,Taxes_spending_budget_final_score,Education_total_score,Education_vote_totals,Education_mean_score,Education_final_score,Climate_environment_total_score,Climate_environment_vote_totals,Climate_environment_mean_score,Climate_environment_final_score,Nominations_total_score,Nominations_vote_totals,Nominations_mean_score,Nominations_final_score,Entitlements_welfare_total_score,Entitlements_welfare_vote_totals,Entitlements_welfare_mean_score,Entitlements_welfare_final_score,Military_national_security_total_score,Military_national_security_vote_totals,Military_national_security_mean_score,Military_national_security_final_score,Technology_total_score,Technology_vote_totals,Technology_mean_score,Technology_final_score,Business_employment_total_score,Business_employment_vote_totals,Business_employment_mean_score,Business_employment_final_score,Miscellaneous_total_score,Miscellaneous_vote_totals,Miscellaneous_mean_score,Miscellaneous_final_score
Adams,A000370,D,NC,0,12,0.0,-100.0,0,15,0.0,-100.0,0,12,0.0,-100.0,0,27,0.0,-100.0,0,11,0.0,-100.0,0,20,0.0,-100.0,0,22,0.0,-100.0,0,24,0.0,-100.0,0,26,0.0,-100.0,0,10,0.0,-100.0,0,23,0.0,-100.0
Aderholt,A000055,R,AL,9,9,1.0,100.0,13,13,1.0,100.0,12,12,1.0,100.0,25,26,0.961538,92.3077,10,11,0.909091,81.8182,20,20,1.0,100.0,21,22,0.954545,90.9091,22,24,0.916667,83.3333,24,26,0.923077,84.6154,8,10,0.8,60.0,23,23,1.0,100.0
Aguilar,A000371,D,CA,0,12,0.0,-100.0,2,15,0.133333,-73.3333,1,12,0.083333,-83.3333,2,27,0.074074,-85.1852,1,11,0.090909,-81.8182,0,20,0.0,-100.0,0,22,0.0,-100.0,2,24,0.083333,-83.3333,2,26,0.076923,-84.6154,0,10,0.0,-100.0,2,23,0.086957,-82.6087
Allen,A000372,R,GA,9,10,0.9,80.0,13,15,0.866667,73.3333,11,11,1.0,100.0,26,26,1.0,100.0,11,11,1.0,100.0,20,20,1.0,100.0,20,20,1.0,100.0,24,24,1.0,100.0,26,26,1.0,100.0,10,10,1.0,100.0,23,23,1.0,100.0
Allred,A000376,D,TX,0,10,0.0,-100.0,0,7,0.0,-100.0,0,7,0.0,-100.0,0,8,0.0,-100.0,0,9,0.0,-100.0,0,5,0.0,-100.0,0,12,0.0,-100.0,2,13,0.153846,-69.2308,2,21,0.095238,-80.9524,0,9,0.0,-100.0,2,7,0.285714,-42.8571
Amodei,A000369,R,NV,10,12,0.833333,66.6667,11,15,0.733333,46.6667,10,12,0.833333,66.6667,26,27,0.962963,92.5926,10,11,0.909091,81.8182,16,17,0.941176,88.2353,17,19,0.894737,78.9474,22,24,0.916667,83.3333,21,26,0.807692,61.5385,8,10,0.8,60.0,18,23,0.782609,56.5217
Armstrong,A000377,R,ND,9,10,0.9,80.0,5,7,0.714286,42.8571,6,7,0.857143,71.4286,8,8,1.0,100.0,9,9,1.0,100.0,3,6,0.5,0.0,10,12,0.833333,66.6667,11,12,0.916667,83.3333,13,19,0.684211,36.8421,9,9,1.0,100.0,7,9,0.777778,55.5556
Arrington,A000375,R,TX,12,12,1.0,100.0,15,15,1.0,100.0,12,12,1.0,100.0,27,27,1.0,100.0,11,11,1.0,100.0,19,19,1.0,100.0,20,20,1.0,100.0,24,24,1.0,100.0,23,26,0.884615,76.9231,10,10,1.0,100.0,23,23,1.0,100.0
Auchincloss,A000148,D,MA,0,6,0.0,-100.0,2,13,0.153846,-69.2308,1,10,0.1,-80.0,0,25,0.0,-100.0,0,11,0.0,-100.0,0,17,0.0,-100.0,0,21,0.0,-100.0,0,22,0.0,-100.0,0,23,0.0,-100.0,0,10,0.0,-100.0,0,20,0.0,-100.0
Axne,A000378,D,IA,0,7,0.0,-100.0,0,6,0.0,-100.0,0,6,0.0,-100.0,0,6,0.0,-100.0,0,7,0.0,-100.0,0,6,0.0,-100.0,0,12,0.0,-100.0,0,11,0.0,-100.0,0,19,0.0,-100.0,0,9,0.0,-100.0,0,7,0.0,-100.0
Babin,B001291,R,TX,12,12,1.0,100.0,15,15,1.0,100.0,12,12,1.0,100.0,27,27,1.0,100.0,11,11,1.0,100.0,20,20,1.0,100.0,22,22,1.0,100.0,24,24,1.0,100.0,26,26,1.0,100.0,10,10,1.0,100.0,23,23,1.0,100.0
Bacon,B001298,R,NE,8,10,0.8,60.0,15,15,1.0,100.0,9,12,0.75,50.0,25,26,0.961538,92.3077,9,11,0.818182,63.6364,19,20,0.95,90.0,19,22,0.863636,72.7273,21,24,0.875,75.0,17,26,0.653846,30.7692,10,10,1.0,100.0,21,23,0.913043,82.6087
Baird,B001307,R,IN,12,12,1.0,100.0,13,13,1.0,100.0,11,11,1.0,100.0,25,26,0.961538,92.3077,11,11,1.0,100.0,20,20,1.0,100.0,21,22,0.954545,90.9091,21,24,0.875,75.0,24,26,0.923077,84.6154,8,10,0.8,60.0,21,21,1.0,100.0
Balderson,B001306,R,OH,10,12,0.833333,66.6667,13,15,0.866667,73.3333,10,12,0.833333,66.6667,26,27,0.962963,92.5926,11,11,1.0,100.0,19,20,0.95,90.0,21,22,0.954545,90.9091,21,24,0.875,75.0,21,26,0.807692,61.5385,8,10,0.8,60.0,21,23,0.913043,82.6087
Banks,B001299,R,IN,10,10,1.0,100.0,7,7,1.0,100.0,7,7,1.0,100.0,8,8,1.0,100.0,9,9,1.0,100.0,6,6,1.0,100.0,12,12,1.0,100.0,13,13,1.0,100.0,21,21,1.0,100.0,9,9,1.0,100.0,9,9,1.0,100.0
Barr,B001282,R,KY,10,12,0.833333,66.6667,13,15,0.866667,73.3333,10,12,0.833333,66.6667,26,27,0.962963,92.5926,9,9,1.0,100.0,18,19,0.947368,89.4737,20,20,1.0,100.0,22,24,0.916667,83.3333,26,26,1.0,100.0,10,10,1.0,100.0,20,22,0.909091,81.8182
Barragán,B001300,D,CA,0,12,0.0,-100.0,0,13,0.0,-100.0,0,12,0.0,-100.0,0,27,0.0,-100.0,0,11,0.0,-100.0,0,15,0.0,-100.0,0,17,0.0,-100.0,0,24,0.0,-100.0,0,26,0.0,-100.0,0,10,0.0,-100.0,0,23,0.0,-100.0
Bass,B001270,D,CA,0,6,0.0,-100.0,0,6,0.0,-100.0,0,6,0.0,-100.0,0,6,0.0,-100.0,0,5,0.0,-100.0,0,5,0.0,-100.0,0,9,0.0,-100.0,0,6,0.0,-100.0,0,19,0.0,-100.0,0,9,0.0,-100.0,0,7,0.0,-100.0
Beatty,B001281,D,OH,0,10,0.0,-100.0,0,14,0.0,-100.0,0,12,0.0,-100.0,0,25,0.0,-100.0,0,11,0.0,-100.0,0,20,0.0,-100.0,0,20,0.0,-100.0,1,23,0.043478,-91.3043,0,24,0.0,-100.0,0,10,0.0,-100.0,2,21,0.095238,-80.9524
Bentz,B000668,R,OR,6,6,1.0,100.0,13,13,1.0,100.0,10,10,1.0,100.0,25,25,1.0,100.0,11,11,1.0,100.0,17,17,1.0,100.0,21,21,1.0,100.0,22,22,1.0,100.0,23,23,1.0,100.0,10,10,1.0,100.0,20,20,1.0,100.0
Bera,B001287,D,CA,0,12,0.0,-100.0,0,15,0.0,-100.0,0,12,0.0,-100.0,2,27,0.074074,-85.1852,1,11,0.090909,-81.8182,0,20,0.0,-100.0,0,22,0.0,-100.0,1,24,0.041667,-91.6667,2,26,0.076923,-84.6154,0,10,0.0,-100.0,0,23,0.0,-100.0
Bergman,B001301,R,MI,10,12,0.833333,66.6667,13,15,0.866667,73.3333,10,12,0.833333,66.6667,26,27,0.962963,92.5926,11,11,1.0,100.0,16,17,0.941176,88.2353,19,19,1.0,100.0,22,24,0.916667,83.3333,26,26,1.0,100.0,10,10,1.0,100.0,21,23,0.913043,82.6087
Beyer,B001292,D,VA,0,12,0.0,-100.0,0,15,0.0,-100.0,0,12,0.0,-100.0,0,27,0.0,-100.0,0,11,0.0,-100.0,0,20,0.0,-100.0,0,22,0.0,-100.0,0,23,0.0,-100.0,0,26,0.0,-100.0,0,10,0.0,-100.0,0,21,0.0,-100.0
Bice (OK),B000740,R,OK,6,6,1.0,100.0,12,13,0.923077,84.6154,10,10,1.0,100.0,25,25,1.0,100.0,11,11,1.0,100.0,15,17,0.882353,76.4706,21,21,1.0,100.0,22,22,1.0,100.0,20,23,0.869565,73.913,10,10,1.0,100.0,20,20,1.0,100.0
Biggs,B001302,R,AZ,12,12,1.0,100.0,15,15,1.0,100.0,10,10,1.0,100.0,25,27,0.925926,85.1852,9,11,0.818182,63.6364,19,19,1.0,100.0,22,22,1.0,100.0,23,24,0.958333,91.6667,23,26,0.884615,76.9231,10,10,1.0,100.0,19,23,0.826087,65.2174
Bilirakis,B001257,R,FL,8,12,0.666667,33.3333,13,15,0.866667,73.3333,10,12,0.833333,66.6667,23,27,0.851852,70.3704,11,11,1.0,100.0,17,17,1.0,100.0,19,20,0.95,90.0,21,24,0.875,75.0,20,25,0.8,60.0,10,10,1.0,100.0,23,23,1.0,100.0
Bishop (GA),B000490,D,GA,0,12,0.0,-100.0,0,15,0.0,-100.0,0,12,0.0,-100.0,3,27,0.111111,-77.7778,1,11,0.090909,-81.8182,3,20,0.15,-70.0,3,22,0.136364,-72.7273,3,24,0.125,-75.0,2,26,0.076923,-84.6154,0,10,0.0,-100.0,6,23,0.26087,-47.8261
Bishop (NC),B001311,R,NC,8,8,1.0,100.0,7,7,1.0,100.0,7,7,1.0,100.0,8,8,1.0,100.0,9,9,1.0,100.0,5,5,1.0,100.0,12,12,1.0,100.0,12,12,1.0,100.0,19,19,1.0,100.0,9,9,1.0,100.0,6,6,1.0,100.0
Blumenauer,B000574,D,OR,0,10,0.0,-100.0,0,7,0.0,-100.0,0,7,0.0,-100.0,0,8,0.0,-100.0,0,9,0.0,-100.0,2,6,0.333333,-33.3333,0,12,0.0,-100.0,0,13,0.0,-100.0,1,21,0.047619,-90.4762,0,9,0.0,-100.0,0,9,0.0,-100.0
Blunt Rochester,B001303,D,DE,0,10,0.0,-100.0,0,7,0.0,-100.0,0,7,0.0,-100.0,0,8,0.0,-100.0,0,9,0.0,-100.0,0,6,0.0,-100.0,0,12,0.0,-100.0,0,13,0.0,-100.0,0,21,0.0,-100.0,0,9,0.0,-100.0,0,9,0.0,-100.0
Boebert,B000825,R,CO,6,6,1.0,100.0,13,13,1.0,100.0,10,10,1.0,100.0,25,25,1.0,100.0,10,11,0.909091,81.8182,17,17,1.0,100.0,21,21,1.0,100.0,22,22,1.0,100.0,23,23,1.0,100.0,10,10,1.0,100.0,18,20,0.9,80.0
Bonamici,B001278,D,OR,0,12,0.0,-100.0,0,15,0.0,-100.0,0,12,0.0,-100.0,0,27,0.0,-100.0,0,11,0.0,-100.0,0,20,0.0,-100.0,0,22,0.0,-100.0,0,24,0.0,-100.0,0,26,0.0,-100.0,0,10,0.0,-100.0,0,23,0.0,-100.0
Bost,B001295,R,IL,11,12,0.916667,83.3333,13,15,0.866667,73.3333,12,12,1.0,100.0,26,27,0.962963,92.5926,11,11,1.0,100.0,19,20,0.95,90.0,21,22,0.954545,90.9091,21,24,0.875,75.0,22,26,0.846154,69.2308,10,10,1.0,100.0,21,23,0.913043,82.6087
Bourdeaux,B001312,D,GA,0,1,0.0,-100.0,0,4,0.0,-100.0,0,4,0.0,-100.0,0,4,0.0,-100.0,0,7,0.0,-100.0,0,3,0.0,-100.0,0,11,0.0,-100.0,0,9,0.0,-100.0,0,16,0.0,-100.0,0,9,0.0,-100.0,0,4,0.0,-100.0
Bowman,B001223,D,NY,0,4,0.0,-100.0,0,5,0.0,-100.0,0,5,0.0,-100.0,0,6,0.0,-100.0,0,9,0.0,-100.0,0,3,0.0,-100.0,0,11,0.0,-100.0,0,10,0.0,-100.0,0,16,0.0,-100.0,0,9,0.0,-100.0,0,6,0.0,-100.0
"Boyle, Brendan F.",B001296,D,PA,0,9,0.0,-100.0,2,15,0.133333,-73.3333,1,12,0.083333,-83.3333,2,27,0.074074,-85.1852,1,11,0.090909,-81.8182,3,20,0.15,-70.0,0,22,0.0,-100.0,0,24,0.0,-100.0,0,26,0.0,-100.0,0,10,0.0,-100.0,0,23,0.0,-100.0
Brady,B000755,R,TX,7,7,1.0,100.0,5,6,0.833333,66.6667,6,6,1.0,100.0,2,3,0.666667,33.3333,6,7,0.857143,71.4286,4,6,0.666667,33.3333,11,12,0.916667,83.3333,8,10,0.8,60.0,17,19,0.894737,78.9474,5,7,0.714286,42.8571,7,7,1.0,100.0
Brooks,B001274,R,AL,7,7,1.0,100.0,6,6,1.0,100.0,6,6,1.0,100.0,6,6,1.0,100.0,7,7,1.0,100.0,6,6,1.0,100.0,12,12,1.0,100.0,11,11,1.0,100.0,19,19,1.0,100.0,9,9,1.0,100.0,7,7,1.0,100.0
Brown (MD),B001304,D,MD,0,6,0.0,-100.0,0,4,0.0,-100.0,0,6,0.0,-100.0,0,6,0.0,-100.0,0,7,0.0,-100.0,0,6,0.0,-100.0,0,12,0.0,-100.0,0,11,0.0,-100.0,0,19,0.0,-100.0,0,9,0.0,-100.0,0,7,0.0,-100.0
Brown (OH),B001313,D,OH,0,6,0.0,-100.0,0,10,0.0,-100.0,0,7,0.0,-100.0,0,23,0.0,-100.0,0,7,0.0,-100.0,0,17,0.0,-100.0,0,19,0.0,-100.0,1,19,0.052632,-89.4737,2,21,0.095238,-80.9524,0,10,0.0,-100.0,0,18,0.0,-100.0
Brownley,B001285,D,CA,0,12,0.0,-100.0,0,15,0.0,-100.0,0,12,0.0,-100.0,2,27,0.074074,-85.1852,1,11,0.090909,-81.8182,0,19,0.0,-100.0,0,20,0.0,-100.0,0,24,0.0,-100.0,0,26,0.0,-100.0,0,10,0.0,-100.0,0,23,0.0,-100.0
Buchanan,B001260,R,FL,8,12,0.666667,33.3333,13,15,0.866667,73.3333,9,11,0.818182,63.6364,25,27,0.925926,85.1852,11,11,1.0,100.0,19,20,0.95,90.0,19,20,0.95,90.0,21,23,0.913043,82.6087,22,24,0.916667,83.3333,10,10,1.0,100.0,21,23,0.913043,82.6087
Buck,B001297,R,CO,10,10,1.0,100.0,7,7,1.0,100.0,6,7,0.857143,71.4286,8,8,1.0,100.0,7,9,0.777778,55.5556,6,6,1.0,100.0,12,12,1.0,100.0,8,8,1.0,100.0,16,19,0.842105,68.4211,9,9,1.0,100.0,7,7,1.0,100.0
Bucshon,B001275,R,IN,5,8,0.625,25.0,5,7,0.714286,42.8571,5,7,0.714286,42.8571,6,7,0.857143,71.4286,7,9,0.777778,55.5556,6,6,1.0,100.0,12,12,1.0,100.0,11,13,0.846154,69.2308,18,21,0.857143,71.4286,9,9,1.0,100.0,9,9,1.0,100.0
Budd,B001305,R,NC,3,5,0.6,20.0,6,6,1.0,100.0,4,6,0.666667,33.3333,5,5,1.0,100.0,5,7,0.714286,42.8571,6,6,1.0,100.0,12,12,1.0,100.0,10,11,0.909091,81.8182,17,19,0.894737,78.9474,9,9,1.0,100.0,7,7,1.0,100.0
Burchett,B001309,R,TN,11,12,0.916667,83.3333,14,14,1.0,100.0,9,12,0.75,50.0,23,23,1.0,100.0,8,11,0.727273,45.4545,19,19,1.0,100.0,21,21,1.0,100.0,23,24,0.958333,91.6667,23,26,0.884615,76.9231,10,10,1.0,100.0,17,21,0.809524,61.9048
Burgess,B001248,R,TX,8,8,1.0,100.0,6,7,0.857143,71.4286,7,7,1.0,100.0,6,6,1.0,100.0,9,9,1.0,100.0,4,6,0.666667,33.3333,12,12,1.0,100.0,12,12,1.0,100.0,18,21,0.857143,71.4286,7,7,1.0,100.0,7,7,1.0,100.0
Bush,B001224,D,MO,1,4,0.25,-50.0,1,5,0.2,-60.0,2,4,0.5,0.0,0,6,0.0,-100.0,2,9,0.222222,-55.5556,0,3,0.0,-100.0,0,9,0.0,-100.0,0,11,0.0,-100.0,0,18,0.0,-100.0,0,9,0.0,-100.0,0,6,0.0,-100.0
Bustos,B001286,D,IL,0,7,0.0,-100.0,0,6,0.0,-100.0,0,6,0.0,-100.0,0,6,0.0,-100.0,0,7,0.0,-100.0,0,6,0.0,-100.0,0,12,0.0,-100.0,0,11,0.0,-100.0,0,19,0.0,-100.0,0,9,0.0,-100.0,0,7,0.0,-100.0
Butterfield,B001251,D,NC,0,7,0.0,-100.0,0,6,0.0,-100.0,0,6,0.0,-100.0,0,6,0.0,-100.0,0,7,0.0,-100.0,0,6,0.0,-100.0,0,12,0.0,-100.0,0,11,0.0,-100.0,0,19,0.0,-100.0,0,9,0.0,-100.0,0,7,0.0,-100.0
Calvert,C000059,R,CA,7,10,0.7,40.0,12,15,0.8,60.0,9,12,0.75,50.0,25,26,0.961538,92.3077,8,11,0.727273,45.4545,17,20,0.85,70.0,19,22,0.863636,72.7273,21,24,0.875,75.0,19,26,0.730769,46.1538,8,10,0.8,60.0,21,23,0.913043,82.6087
Cammack,C001039,R,FL,6,6,1.0,100.0,13,13,1.0,100.0,9,10,0.9,80.0,25,25,1.0,100.0,10,11,0.909091,81.8182,17,17,1.0,100.0,19,21,0.904762,80.9524,22,22,1.0,100.0,20,23,0.869565,73.913,10,10,1.0,100.0,18,20,0.9,80.0
Carbajal,C001112,D,CA,0,12,0.0,-100.0,2,15,0.133333,-73.3333,1,12,0.083333,-83.3333,2,27,0.074074,-85.1852,1,11,0.090909,-81.8182,0,20,0.0,-100.0,0,22,0.0,-100.0,2,24,0.083333,-83.3333,2,26,0.076923,-84.6154,0,10,0.0,-100.0,2,23,0.086957,-82.6087
Cárdenas,C001097,D,CA,0,10,0.0,-100.0,0,7,0.0,-100.0,0,7,0.0,-100.0,0,8,0.0,-100.0,0,9,0.0,-100.0,0,6,0.0,-100.0,0,12,0.0,-100.0,0,13,0.0,-100.0,0,21,0.0,-100.0,0,9,0.0,-100.0,0,9,0.0,-100.0
Carey,C001126,R,OH,6,6,1.0,100.0,10,10,1.0,100.0,6,7,0.857143,71.4286,23,23,1.0,100.0,7,7,1.0,100.0,17,17,1.0,100.0,16,19,0.842105,68.4211,18,19,0.947368,89.4737,16,21,0.761905,52.381,8,10,0.8,60.0,18,18,1.0,100.0
Carl,C001054,R,AL,4,4,1.0,100.0,5,5,1.0,100.0,5,5,1.0,100.0,6,6,1.0,100.0,9,9,1.0,100.0,3,3,1.0,100.0,10,10,1.0,100.0,11,11,1.0,100.0,16,16,1.0,100.0,9,9,1.0,100.0,6,6,1.0,100.0
Carson,C001072,D,IN,0,12,0.0,-100.0,0,15,0.0,-100.0,0,12,0.0,-100.0,0,27,0.0,-100.0,0,11,0.0,-100.0,0,20,0.0,-100.0,0,22,0.0,-100.0,0,24,0.0,-100.0,0,26,0.0,-100.0,0,10,0.0,-100.0,0,23,0.0,-100.0
Carter (GA),C001103,R,GA,9,10,0.9,80.0,15,15,1.0,100.0,9,11,0.818182,63.6364,26,26,1.0,100.0,9,9,1.0,100.0,20,20,1.0,100.0,19,20,0.95,90.0,23,24,0.958333,91.6667,22,26,0.846154,69.2308,10,10,1.0,100.0,22,22,1.0,100.0
Carter (LA),C001125,D,LA,0,6,0.0,-100.0,0,13,0.0,-100.0,0,10,0.0,-100.0,0,25,0.0,-100.0,0,11,0.0,-100.0,0,17,0.0,-100.0,0,21,0.0,-100.0,0,20,0.0,-100.0,0,22,0.0,-100.0,0,10,0.0,-100.0,0,20,0.0,-100.0
Carter (TX),C001051,R,TX,8,10,0.8,60.0,12,15,0.8,60.0,12,12,1.0,100.0,25,26,0.961538,92.3077,8,11,0.727273,45.4545,17,20,0.85,70.0,21,22,0.954545,90.9091,22,24,0.916667,83.3333,24,26,0.923077,84.6154,8,10,0.8,60.0,21,23,0.913043,82.6087
Cartwright,C001090,D,PA,0,8,0.0,-100.0,0,7,0.0,-100.0,0,6,0.0,-100.0,0,8,0.0,-100.0,0,9,0.0,-100.0,0,6,0.0,-100.0,0,10,0.0,-100.0,2,13,0.153846,-69.2308,2,21,0.095238,-80.9524,0,9,0.0,-100.0,2,8,0.25,-50.0
Case,C001055,D,HI,0,12,0.0,-100.0,0,15,0.0,-100.0,0,12,0.0,-100.0,0,27,0.0,-100.0,1,11,0.090909,-81.8182,0,20,0.0,-100.0,0,22,0.0,-100.0,1,24,0.041667,-91.6667,0,26,0.0,-100.0,0,10,0.0,-100.0,4,23,0.173913,-65.2174
Casten,C001117,D,IL,0,12,0.0,-100.0,0,15,0.0,-100.0,0,12,0.0,-100.0,0,24,0.0,-100.0,0,11,0.0,-100.0,0,20,0.0,-100.0,0,19,0.0,-100.0,0,24,0.0,-100.0,0,26,0.0,-100.0,0,10,0.0,-100.0,0,23,0.0,-100.0
Castor (FL),C001066,D,FL,0,12,0.0,-100.0,0,14,0.0,-100.0,0,12,0.0,-100.0,0,25,0.0,-100.0,0,11,0.0,-100.0,0,20,0.0,-100.0,0,22,0.0,-100.0,1,24,0.041667,-91.6667,0,26,0.0,-100.0,0,10,0.0,-100.0,2,23,0.086957,-82.6087
Castro (TX),C001091,D,TX,0,12,0.0,-100.0,0,15,0.0,-100.0,0,12,0.0,-100.0,0,27,0.0,-100.0,0,11,0.0,-100.0,1,20,0.05,-90.0,0,22,0.0,-100.0,0,23,0.0,-100.0,0,24,0.0,-100.0,0,10,0.0,-100.0,2,23,0.086957,-82.6087
Cawthorn,C001104,R,NC,1,1,1.0,100.0,4,4,1.0,100.0,3,3,1.0,100.0,2,2,1.0,100.0,7,7,1.0,100.0,3,3,1.0,100.0,9,9,1.0,100.0,7,8,0.875,75.0,13,15,0.866667,73.3333,9,9,1.0,100.0,2,2,1.0,100.0
Chabot,C000266,R,OH,5,7,0.714286,42.8571,4,6,0.666667,33.3333,6,6,1.0,100.0,5,6,0.833333,66.6667,5,7,0.714286,42.8571,6,6,1.0,100.0,9,12,0.75,50.0,10,11,0.909091,81.8182,13,19,0.684211,36.8421,5,9,0.555556,11.1111,7,7,1.0,100.0
Cheney,C001109,R,WY,6,6,1.0,100.0,5,6,0.833333,66.6667,5,6,0.833333,66.6667,6,6,1.0,100.0,5,5,1.0,100.0,2,5,0.4,-20.0,4,12,0.333333,-33.3333,5,9,0.555556,11.1111,13,16,0.8125,62.5,7,9,0.777778,55.5556,5,7,0.714286,42.8571
Cherfilus-McCormick,C001127,D,FL,0,6,0.0,-100.0,0,10,0.0,-100.0,0,7,0.0,-100.0,2,22,0.090909,-81.8182,1,7,0.142857,-71.4286,0,17,0.0,-100.0,0,19,0.0,-100.0,1,18,0.055556,-88.8889,0,15,0.0,-100.0,0,8,0.0,-100.0,2,16,0.125,-75.0
Chu,C001080,D,CA,0,12,0.0,-100.0,0,15,0.0,-100.0,0,12,0.0,-100.0,0,27,0.0,-100.0,0,11,0.0,-100.0,0,20,0.0,-100.0,0,22,0.0,-100.0,1,24,0.041667,-91.6667,2,26,0.076923,-84.6154,0,10,0.0,-100.0,0,23,0.0,-100.0
Cicilline,C001084,D,RI,0,10,0.0,-100.0,0,7,0.0,-100.0,0,6,0.0,-100.0,0,8,0.0,-100.0,0,7,0.0,-100.0,0,6,0.0,-100.0,0,12,0.0,-100.0,0,11,0.0,-100.0,0,19,0.0,-100.0,0,9,0.0,-100.0,0,7,0.0,-100.0
Clark (MA),C001101,D,MA,0,12,0.0,-100.0,0,15,0.0,-100.0,0,12,0.0,-100.0,2,27,0.074074,-85.1852,1,11,0.090909,-81.8182,0,20,0.0,-100.0,0,22,0.0,-100.0,0,24,0.0,-100.0,0,26,0.0,-100.0,0,10,0.0,-100.0,0,23,0.0,-100.0
Clarke (NY),C001067,D,NY,0,12,0.0,-100.0,0,15,0.0,-100.0,0,12,0.0,-100.0,0,27,0.0,-100.0,0,11,0.0,-100.0,3,20,0.15,-70.0,0,22,0.0,-100.0,0,24,0.0,-100.0,1,26,0.038462,-92.3077,0,10,0.0,-100.0,2,23,0.086957,-82.6087
Cleaver,C001061,D,MO,0,12,0.0,-100.0,0,15,0.0,-100.0,0,12,0.0,-100.0,0,25,0.0,-100.0,0,11,0.0,-100.0,0,20,0.0,-100.0,0,22,0.0,-100.0,0,24,0.0,-100.0,0,26,0.0,-100.0,0,9,0.0,-100.0,0,23,0.0,-100.0
Cline,C001118,R,VA,11,12,0.916667,83.3333,13,15,0.866667,73.3333,12,12,1.0,100.0,27,27,1.0,100.0,11,11,1.0,100.0,20,20,1.0,100.0,22,22,1.0,100.0,24,24,1.0,100.0,26,26,1.0,100.0,10,10,1.0,100.0,23,23,1.0,100.0
Cloud,C001115,R,TX,12,12,1.0,100.0,15,15,1.0,100.0,12,12,1.0,100.0,25,27,0.925926,85.1852,10,11,0.909091,81.8182,20,20,1.0,100.0,22,22,1.0,100.0,24,24,1.0,100.0,26,26,1.0,100.0,10,10,1.0,100.0,23,23,1.0,100.0
Clyburn,C000537,D,SC,0,12,0.0,-100.0,0,15,0.0,-100.0,0,12,0.0,-100.0,0,27,0.0,-100.0,1,11,0.090909,-81.8182,0,19,0.0,-100.0,0,19,0.0,-100.0,1,24,0.041667,-91.6667,0,24,0.0,-100.0,0,10,0.0,-100.0,4,23,0.173913,-65.2174
Clyde,C001116,R,GA,6,6,1.0,100.0,13,13,1.0,100.0,10,10,1.0,100.0,25,25,1.0,100.0,11,11,1.0,100.0,17,17,1.0,100.0,21,21,1.0,100.0,22,22,1.0,100.0,23,23,1.0,100.0,10,10,1.0,100.0,20,20,1.0,100.0
Cohen,C001068,D,TN,0,9,0.0,-100.0,0,15,0.0,-100.0,0,11,0.0,-100.0,0,24,0.0,-100.0,0,11,0.0,-100.0,0,20,0.0,-100.0,0,17,0.0,-100.0,0,20,0.0,-100.0,0,26,0.0,-100.0,0,10,0.0,-100.0,0,21,0.0,-100.0
Cole,C001053,R,OK,7,12,0.583333,16.6667,10,15,0.666667,33.3333,10,12,0.833333,66.6667,25,27,0.925926,85.1852,8,11,0.727273,45.4545,15,20,0.75,50.0,20,22,0.909091,81.8182,21,24,0.875,75.0,18,26,0.692308,38.4615,6,10,0.6,20.0,20,23,0.869565,73.913
Comer,C001108,R,KY,10,12,0.833333,66.6667,13,15,0.866667,73.3333,10,12,0.833333,66.6667,26,27,0.962963,92.5926,11,11,1.0,100.0,20,20,1.0,100.0,22,22,1.0,100.0,22,24,0.916667,83.3333,23,26,0.884615,76.9231,10,10,1.0,100.0,23,23,1.0,100.0
Connolly,C001078,D,VA,0,12,0.0,-100.0,0,12,0.0,-100.0,0,10,0.0,-100.0,0,8,0.0,-100.0,0,9,0.0,-100.0,0,18,0.0,-100.0,0,17,0.0,-100.0,1,18,0.055556,-88.8889,2,24,0.083333,-83.3333,0,9,0.0,-100.0,0,10,0.0,-100.0
Conway,C001128,R,CA,0,1,0.0,-100.0,0,0,0.0,0.0,0,0,0.0,0.0,0,0,0.0,0.0,0,2,0.0,-100.0,1,1,1.0,100.0,5,5,1.0,100.0,5,6,0.833333,66.6667,4,9,0.444444,-11.1111,3,3,1.0,100.0,0,0,0.0,0.0
Cooper,C000754,D,TN,0,7,0.0,-100.0,0,6,0.0,-100.0,0,5,0.0,-100.0,0,6,0.0,-100.0,0,7,0.0,-100.0,0,6,0.0,-100.0,0,10,0.0,-100.0,0,11,0.0,-100.0,0,19,0.0,-100.0,0,9,0.0,-100.0,0,7,0.0,-100.0
Correa,C001110,D,CA,0,12,0.0,-100.0,3,15,0.2,-60.0,1,12,0.083333,-83.3333,4,27,0.148148,-70.3704,1,11,0.090909,-81.8182,1,17,0.058824,-88.2353,0,21,0.0,-100.0,2,24,0.083333,-83.3333,2,26,0.076923,-84.6154,0,10,0.0,-100.0,4,21,0.190476,-61.9048
Costa,C001059,D,CA,0,12,0.0,-100.0,6,15,0.4,-20.0,4,12,0.333333,-33.3333,7,27,0.259259,-48.1481,1,11,0.090909,-81.8182,6,20,0.3,-40.0,0,22,0.0,-100.0,1,23,0.043478,-91.3043,0,24,0.0,-100.0,0,10,0.0,-100.0,2,23,0.086957,-82.6087
Courtney,C001069,D,CT,0,12,0.0,-100.0,0,15,0.0,-100.0,0,12,0.0,-100.0,0,27,0.0,-100.0,1,11,0.090909,-81.8182,3,20,0.15,-70.0,0,22,0.0,-100.0,2,24,0.083333,-83.3333,2,26,0.076923,-84.6154,0,10,0.0,-100.0,4,23,0.173913,-65.2174
Craig,C001119,D,MN,3,12,0.25,-50.0,3,15,0.2,-60.0,1,12,0.083333,-83.3333,4,27,0.148148,-70.3704,1,11,0.090909,-81.8182,3,20,0.15,-70.0,0,22,0.0,-100.0,1,24,0.041667,-91.6667,2,26,0.076923,-84.6154,0,10,0.0,-100.0,0,23,0.0,-100.0
Crawford,C001087,R,AR,12,12,1.0,100.0,15,15,1.0,100.0,12,12,1.0,100.0,27,27,1.0,100.0,10,11,0.909091,81.8182,20,20,1.0,100.0,21,21,1.0,100.0,22,23,0.956522,91.3043,17,22,0.772727,54.5455,8,10,0.8,60.0,23,23,1.0,100.0
Crenshaw,C001120,R,TX,10,12,0.833333,66.6667,15,15,1.0,100.0,10,12,0.833333,66.6667,26,27,0.962963,92.5926,8,10,0.8,60.0,19,19,1.0,100.0,20,20,1.0,100.0,21,23,0.913043,82.6087,23,26,0.884615,76.9231,10,10,1.0,100.0,19,19,1.0,100.0
Crow,C001121,D,CO,0,12,0.0,-100.0,0,15,0.0,-100.0,0,11,0.0,-100.0,0,27,0.0,-100.0,0,11,0.0,-100.0,0,20,0.0,-100.0,0,20,0.0,-100.0,2,24,0.083333,-83.3333,2,26,0.076923,-84.6154,0,10,0.0,-100.0,2,23,0.086957,-82.6087
Cuellar,C001063,D,TX,2,12,0.166667,-66.6667,6,15,0.4,-20.0,4,12,0.333333,-33.3333,16,27,0.592593,18.5185,2,11,0.181818,-63.6364,10,20,0.5,0.0,6,22,0.272727,-45.4545,8,24,0.333333,-33.3333,3,26,0.115385,-76.9231,1,10,0.1,-80.0,7,23,0.304348,-39.1304
Curtis,C001114,R,UT,10,10,1.0,100.0,7,7,1.0,100.0,6,7,0.857143,71.4286,8,8,1.0,100.0,8,9,0.888889,77.7778,6,6,1.0,100.0,10,12,0.833333,66.6667,12,12,1.0,100.0,16,19,0.842105,68.4211,7,9,0.777778,55.5556,9,9,1.0,100.0
Davids (KS),D000629,D,KS,0,12,0.0,-100.0,0,15,0.0,-100.0,0,12,0.0,-100.0,0,27,0.0,-100.0,1,11,0.090909,-81.8182,3,20,0.15,-70.0,0,22,0.0,-100.0,2,24,0.083333,-83.3333,2,26,0.076923,-84.6154,0,10,0.0,-100.0,4,23,0.173913,-65.2174
Davidson,D000626,R,OH,12,12,1.0,100.0,15,15,1.0,100.0,10,10,1.0,100.0,25,27,0.925926,85.1852,10,11,0.909091,81.8182,19,19,1.0,100.0,22,22,1.0,100.0,23,23,1.0,100.0,24,24,1.0,100.0,10,10,1.0,100.0,23,23,1.0,100.0
"Davis, Danny K.",D000096,D,IL,0,12,0.0,-100.0,0,15,0.0,-100.0,0,12,0.0,-100.0,0,27,0.0,-100.0,0,11,0.0,-100.0,0,20,0.0,-100.0,0,22,0.0,-100.0,0,24,0.0,-100.0,0,26,0.0,-100.0,0,10,0.0,-100.0,0,23,0.0,-100.0
"Davis, Rodney",D000619,R,IL,2,7,0.285714,-42.8571,2,6,0.333333,-33.3333,4,6,0.666667,33.3333,4,6,0.666667,33.3333,5,7,0.714286,42.8571,3,6,0.5,0.0,10,12,0.833333,66.6667,5,11,0.454545,-9.0909,11,16,0.6875,37.5,7,9,0.777778,55.5556,4,7,0.571429,14.2857
Dean,D000631,D,PA,0,12,0.0,-100.0,0,15,0.0,-100.0,0,12,0.0,-100.0,0,27,0.0,-100.0,0,11,0.0,-100.0,0,20,0.0,-100.0,0,22,0.0,-100.0,1,24,0.041667,-91.6667,0,26,0.0,-100.0,0,10,0.0,-100.0,2,23,0.086957,-82.6087
DeFazio,D000191,D,OR,0,7,0.0,-100.0,0,6,0.0,-100.0,0,6,0.0,-100.0,0,6,0.0,-100.0,0,7,0.0,-100.0,2,6,0.333333,-33.3333,0,12,0.0,-100.0,0,11,0.0,-100.0,1,19,0.052632,-89.4737,0,9,0.0,-100.0,0,7,0.0,-100.0
DeGette,D000197,D,CO,0,12,0.0,-100.0,0,15,0.0,-100.0,0,12,0.0,-100.0,0,27,0.0,-100.0,0,11,0.0,-100.0,0,18,0.0,-100.0,0,22,0.0,-100.0,0,23,0.0,-100.0,0,25,0.0,-100.0,0,10,0.0,-100.0,0,21,0.0,-100.0
DeLauro,D000216,D,CT,0,10,0.0,-100.0,0,15,0.0,-100.0,0,12,0.0,-100.0,0,27,0.0,-100.0,1,11,0.090909,-81.8182,0,20,0.0,-100.0,0,22,0.0,-100.0,1,24,0.041667,-91.6667,0,26,0.0,-100.0,0,10,0.0,-100.0,4,22,0.181818,-63.6364
DelBene,D000617,D,WA,0,12,0.0,-100.0,0,15,0.0,-100.0,0,12,0.0,-100.0,2,27,0.074074,-85.1852,1,11,0.090909,-81.8182,0,20,0.0,-100.0,0,22,0.0,-100.0,1,24,0.041667,-91.6667,2,26,0.076923,-84.6154,0,10,0.0,-100.0,0,23,0.0,-100.0
Demings,D000627,D,FL,0,7,0.0,-100.0,0,6,0.0,-100.0,0,6,0.0,-100.0,0,6,0.0,-100.0,0,7,0.0,-100.0,0,6,0.0,-100.0,0,12,0.0,-100.0,0,11,0.0,-100.0,0,19,0.0,-100.0,0,9,0.0,-100.0,0,7,0.0,-100.0
DeSaulnier,D000623,D,CA,0,12,0.0,-100.0,0,15,0.0,-100.0,0,12,0.0,-100.0,0,27,0.0,-100.0,0,11,0.0,-100.0,0,20,0.0,-100.0,0,22,0.0,-100.0,1,24,0.041667,-91.6667,2,26,0.076923,-84.6154,0,10,0.0,-100.0,0,23,0.0,-100.0
DesJarlais,D000616,R,TN,11,12,0.916667,83.3333,15,15,1.0,100.0,10,12,0.833333,66.6667,27,27,1.0,100.0,11,11,1.0,100.0,20,20,1.0,100.0,22,22,1.0,100.0,23,23,1.0,100.0,24,24,1.0,100.0,10,10,1.0,100.0,23,23,1.0,100.0
Diaz-Balart,D000600,R,FL,9,12,0.75,50.0,9,14,0.642857,28.5714,8,10,0.8,60.0,24,27,0.888889,77.7778,8,11,0.727273,45.4545,14,17,0.823529,64.7059,21,22,0.954545,90.9091,18,22,0.818182,63.6364,18,25,0.72,44.0,8,10,0.8,60.0,20,23,0.869565,73.913
Dingell,D000624,D,MI,0,12,0.0,-100.0,0,15,0.0,-100.0,0,12,0.0,-100.0,0,27,0.0,-100.0,0,11,0.0,-100.0,0,17,0.0,-100.0,0,22,0.0,-100.0,0,24,0.0,-100.0,0,26,0.0,-100.0,0,10,0.0,-100.0,0,23,0.0,-100.0
Doggett,D000399,D,TX,0,12,0.0,-100.0,0,15,0.0,-100.0,0,12,0.0,-100.0,1,26,0.038462,-92.3077,0,11,0.0,-100.0,1,20,0.05,-90.0,0,22,0.0,-100.0,2,24,0.083333,-83.3333,0,26,0.0,-100.0,0,10,0.0,-100.0,2,21,0.095238,-80.9524
Donalds,D000032,R,FL,6,6,1.0,100.0,13,13,1.0,100.0,10,10,1.0,100.0,25,25,1.0,100.0,10,11,0.909091,81.8182,17,17,1.0,100.0,21,21,1.0,100.0,20,20,1.0,100.0,23,23,1.0,100.0,10,10,1.0,100.0,17,19,0.894737,78.9474
"Doyle, Michael F.",D000482,D,PA,0,7,0.0,-100.0,0,6,0.0,-100.0,0,6,0.0,-100.0,0,4,0.0,-100.0,0,7,0.0,-100.0,0,6,0.0,-100.0,0,12,0.0,-100.0,0,10,0.0,-100.0,0,16,0.0,-100.0,0,9,0.0,-100.0,0,7,0.0,-100.0
Duncan,D000615,R,SC,9,10,0.9,80.0,6,6,1.0,100.0,5,7,0.714286,42.8571,6,6,1.0,100.0,9,9,1.0,100.0,6,6,1.0,100.0,12,12,1.0,100.0,12,13,0.923077,84.6154,19,21,0.904762,80.9524,9,9,1.0,100.0,9,9,1.0,100.0
Dunn,D000628,R,FL,9,10,0.9,80.0,13,15,0.866667,73.3333,11,11,1.0,100.0,25,26,0.961538,92.3077,10,11,0.909091,81.8182,20,20,1.0,100.0,21,22,0.954545,90.9091,22,24,0.916667,83.3333,24,26,0.923077,84.6154,8,10,0.8,60.0,21,21,1.0,100.0
Ellzey,E000071,R,TX,5,6,0.833333,66.6667,12,12,1.0,100.0,7,7,1.0,100.0,23,23,1.0,100.0,6,9,0.666667,33.3333,17,17,1.0,100.0,19,19,1.0,100.0,19,19,1.0,100.0,19,22,0.863636,72.7273,8,10,0.8,60.0,19,19,1.0,100.0
Emmer,E000294,R,MN,12,12,1.0,100.0,15,15,1.0,100.0,12,12,1.0,100.0,27,27,1.0,100.0,11,11,1.0,100.0,19,20,0.95,90.0,22,22,1.0,100.0,24,24,1.0,100.0,23,26,0.884615,76.9231,10,10,1.0,100.0,21,23,0.913043,82.6087
Escobar,E000299,D,TX,0,12,0.0,-100.0,0,15,0.0,-100.0,0,12,0.0,-100.0,0,27,0.0,-100.0,0,11,0.0,-100.0,1,20,0.05,-90.0,0,22,0.0,-100.0,1,24,0.041667,-91.6667,0,26,0.0,-100.0,0,10,0.0,-100.0,4,23,0.173913,-65.2174
Eshoo,E000215,D,CA,0,10,0.0,-100.0,0,7,0.0,-100.0,0,7,0.0,-100.0,0,8,0.0,-100.0,0,9,0.0,-100.0,0,6,0.0,-100.0,0,12,0.0,-100.0,1,13,0.076923,-84.6154,0,21,0.0,-100.0,0,9,0.0,-100.0,2,9,0.222222,-55.5556
Espaillat,E000297,D,NY,0,12,0.0,-100.0,2,15,0.133333,-73.3333,1,11,0.090909,-81.8182,2,27,0.074074,-85.1852,1,11,0.090909,-81.8182,1,20,0.05,-90.0,0,20,0.0,-100.0,0,24,0.0,-100.0,0,26,0.0,-100.0,0,10,0.0,-100.0,2,23,0.086957,-82.6087
Estes,E000298,R,KS,12,12,1.0,100.0,15,15,1.0,100.0,12,12,1.0,100.0,27,27,1.0,100.0,11,11,1.0,100.0,20,20,1.0,100.0,22,22,1.0,100.0,23,24,0.958333,91.6667,24,26,0.923077,84.6154,10,10,1.0,100.0,23,23,1.0,100.0
Evans,E000296,D,PA,0,12,0.0,-100.0,0,15,0.0,-100.0,0,11,0.0,-100.0,0,27,0.0,-100.0,0,11,0.0,-100.0,0,20,0.0,-100.0,0,20,0.0,-100.0,0,22,0.0,-100.0,0,24,0.0,-100.0,0,10,0.0,-100.0,0,21,0.0,-100.0
Fallon,F000246,R,TX,6,6,1.0,100.0,13,13,1.0,100.0,10,10,1.0,100.0,25,25,1.0,100.0,11,11,1.0,100.0,17,17,1.0,100.0,21,21,1.0,100.0,22,22,1.0,100.0,23,23,1.0,100.0,10,10,1.0,100.0,20,20,1.0,100.0
Feenstra,F000446,R,IA,6,6,1.0,100.0,13,13,1.0,100.0,10,10,1.0,100.0,25,25,1.0,100.0,11,11,1.0,100.0,17,17,1.0,100.0,21,21,1.0,100.0,21,22,0.954545,90.9091,18,23,0.782609,56.5217,10,10,1.0,100.0,20,20,1.0,100.0
Ferguson,F000465,R,GA,10,10,1.0,100.0,7,7,1.0,100.0,7,7,1.0,100.0,8,8,1.0,100.0,9,9,1.0,100.0,5,6,0.833333,66.6667,11,12,0.916667,83.3333,12,13,0.923077,84.6154,17,21,0.809524,61.9048,9,9,1.0,100.0,7,9,0.777778,55.5556
Finstad,F000475,R,MN,6,6,1.0,100.0,9,9,1.0,100.0,7,7,1.0,100.0,22,22,1.0,100.0,6,6,1.0,100.0,15,15,1.0,100.0,15,15,1.0,100.0,18,19,0.947368,89.4737,14,16,0.875,75.0,4,4,1.0,100.0,14,14,1.0,100.0
Fischbach,F000470,R,MN,6,6,1.0,100.0,13,13,1.0,100.0,10,10,1.0,100.0,25,25,1.0,100.0,11,11,1.0,100.0,17,17,1.0,100.0,21,21,1.0,100.0,20,22,0.909091,81.8182,19,23,0.826087,65.2174,10,10,1.0,100.0,20,20,1.0,100.0
Fitzgerald,F000471,R,WI,6,6,1.0,100.0,13,13,1.0,100.0,10,10,1.0,100.0,25,25,1.0,100.0,11,11,1.0,100.0,17,17,1.0,100.0,21,21,1.0,100.0,21,22,0.954545,90.9091,21,23,0.913043,82.6087,10,10,1.0,100.0,20,20,1.0,100.0
Fitzpatrick,F000466,R,PA,3,12,0.25,-50.0,6,15,0.4,-20.0,5,12,0.416667,-16.6667,14,27,0.518519,3.7037,6,11,0.545455,9.0909,10,20,0.5,0.0,8,22,0.363636,-27.2727,13,24,0.541667,8.3333,15,26,0.576923,15.3846,3,10,0.3,-40.0,11,23,0.478261,-4.3478
Fleischmann,F000459,R,TN,11,12,0.916667,83.3333,14,15,0.933333,86.6667,10,12,0.833333,66.6667,26,27,0.962963,92.5926,10,11,0.909091,81.8182,17,20,0.85,70.0,21,22,0.954545,90.9091,21,24,0.875,75.0,22,26,0.846154,69.2308,8,10,0.8,60.0,21,23,0.913043,82.6087
Fletcher,F000468,D,TX,0,12,0.0,-100.0,0,15,0.0,-100.0,0,12,0.0,-100.0,0,27,0.0,-100.0,0,11,0.0,-100.0,0,20,0.0,-100.0,0,22,0.0,-100.0,1,24,0.041667,-91.6667,2,26,0.076923,-84.6154,0,10,0.0,-100.0,0,23,0.0,-100.0
Flood,F000474,R,NE,6,6,1.0,100.0,9,9,1.0,100.0,7,7,1.0,100.0,22,22,1.0,100.0,6,6,1.0,100.0,15,15,1.0,100.0,17,17,1.0,100.0,18,19,0.947368,89.4737,11,16,0.6875,37.5,6,6,1.0,100.0,16,16,1.0,100.0
Flores,F000473,R,TX,0,1,0.0,-100.0,0,0,0.0,0.0,1,1,1.0,100.0,1,1,1.0,100.0,0,2,0.0,-100.0,1,1,1.0,100.0,9,9,1.0,100.0,6,6,1.0,100.0,7,10,0.7,40.0,5,5,1.0,100.0,0,0,0.0,0.0
Foster,F000454,D,IL,0,12,0.0,-100.0,0,15,0.0,-100.0,0,11,0.0,-100.0,0,27,0.0,-100.0,1,11,0.090909,-81.8182,0,20,0.0,-100.0,0,20,0.0,-100.0,0,24,0.0,-100.0,0,26,0.0,-100.0,0,10,0.0,-100.0,2,23,0.086957,-82.6087
Foxx,F000450,R,NC,8,10,0.8,60.0,13,15,0.866667,73.3333,10,12,0.833333,66.6667,26,26,1.0,100.0,10,11,0.909091,81.8182,19,20,0.95,90.0,22,22,1.0,100.0,24,24,1.0,100.0,26,26,1.0,100.0,8,10,0.8,60.0,21,23,0.913043,82.6087
"Frankel, Lois",F000462,D,FL,0,12,0.0,-100.0,2,15,0.133333,-73.3333,1,12,0.083333,-83.3333,2,27,0.074074,-85.1852,1,11,0.090909,-81.8182,0,20,0.0,-100.0,0,22,0.0,-100.0,1,21,0.047619,-90.4762,0,26,0.0,-100.0,0,10,0.0,-100.0,2,20,0.1,-80.0
"Franklin, C. Scott",F000472,R,FL,6,6,1.0,100.0,13,13,1.0,100.0,10,10,1.0,100.0,25,25,1.0,100.0,10,11,0.909091,81.8182,17,17,1.0,100.0,21,21,1.0,100.0,22,22,1.0,100.0,23,23,1.0,100.0,8,10,0.8,60.0,20,20,1.0,100.0
Fulcher,F000469,R,ID,12,12,1.0,100.0,15,15,1.0,100.0,11,11,1.0,100.0,25,27,0.925926,85.1852,8,9,0.888889,77.7778,19,20,0.95,90.0,20,20,1.0,100.0,23,24,0.958333,91.6667,24,26,0.923077,84.6154,10,10,1.0,100.0,20,22,0.909091,81.8182
Gaetz,G000578,R,FL,10,10,1.0,100.0,7,7,1.0,100.0,7,7,1.0,100.0,8,8,1.0,100.0,7,9,0.777778,55.5556,5,6,0.833333,66.6667,12,12,1.0,100.0,12,12,1.0,100.0,21,21,1.0,100.0,9,9,1.0,100.0,4,7,0.571429,14.2857
Gallagher,G000579,R,WI,6,10,0.6,20.0,5,7,0.714286,42.8571,4,7,0.571429,14.2857,5,8,0.625,25.0,9,9,1.0,100.0,6,6,1.0,100.0,9,11,0.818182,63.6364,7,8,0.875,75.0,14,17,0.823529,64.7059,9,9,1.0,100.0,7,7,1.0,100.0
Gallego,G000574,D,AZ,3,10,0.3,-40.0,0,7,0.0,-100.0,0,6,0.0,-100.0,0,8,0.0,-100.0,0,7,0.0,-100.0,0,6,0.0,-100.0,0,12,0.0,-100.0,1,12,0.083333,-83.3333,0,19,0.0,-100.0,0,9,0.0,-100.0,2,9,0.222222,-55.5556
Garamendi,G000559,D,CA,0,12,0.0,-100.0,0,15,0.0,-100.0,0,11,0.0,-100.0,0,27,0.0,-100.0,0,11,0.0,-100.0,0,14,0.0,-100.0,0,17,0.0,-100.0,1,24,0.041667,-91.6667,2,26,0.076923,-84.6154,0,10,0.0,-100.0,0,23,0.0,-100.0
Garbarino,G000597,R,NY,5,6,0.833333,66.6667,11,13,0.846154,69.2308,9,10,0.9,80.0,22,25,0.88,76.0,6,11,0.545455,9.0909,17,17,1.0,100.0,19,21,0.904762,80.9524,19,21,0.904762,80.9524,16,21,0.761905,52.381,6,10,0.6,20.0,18,20,0.9,80.0
Garcia (CA),G000061,R,CA,4,7,0.571429,14.2857,5,5,1.0,100.0,5,7,0.714286,42.8571,6,7,0.857143,71.4286,8,9,0.888889,77.7778,3,3,1.0,100.0,10,11,0.909091,81.8182,11,11,1.0,100.0,15,18,0.833333,66.6667,5,9,0.555556,11.1111,6,6,1.0,100.0
García (IL),G000586,D,IL,0,9,0.0,-100.0,0,14,0.0,-100.0,0,12,0.0,-100.0,0,25,0.0,-100.0,0,11,0.0,-100.0,1,20,0.05,-90.0,0,22,0.0,-100.0,0,23,0.0,-100.0,0,26,0.0,-100.0,0,10,0.0,-100.0,2,21,0.095238,-80.9524
Garcia (TX),G000587,D,TX,0,12,0.0,-100.0,0,15,0.0,-100.0,0,12,0.0,-100.0,0,27,0.0,-100.0,0,11,0.0,-100.0,1,19,0.052632,-89.4737,0,22,0.0,-100.0,0,22,0.0,-100.0,0,26,0.0,-100.0,0,10,0.0,-100.0,2,23,0.086957,-82.6087
Gibbs,G000563,R,OH,4,5,0.8,60.0,4,4,1.0,100.0,4,6,0.666667,33.3333,5,6,0.833333,66.6667,7,7,1.0,100.0,5,6,0.833333,66.6667,11,12,0.916667,83.3333,8,11,0.727273,45.4545,17,19,0.894737,78.9474,7,9,0.777778,55.5556,3,5,0.6,20.0
Gimenez,G000593,R,FL,6,6,1.0,100.0,10,13,0.769231,53.8462,9,10,0.9,80.0,23,25,0.92,84.0,10,11,0.909091,81.8182,15,17,0.882353,76.4706,19,21,0.904762,80.9524,20,21,0.952381,90.4762,18,21,0.857143,71.4286,8,10,0.8,60.0,19,20,0.95,90.0
Gohmert,G000552,R,TX,7,7,1.0,100.0,4,4,1.0,100.0,5,5,1.0,100.0,4,4,1.0,100.0,7,7,1.0,100.0,4,4,1.0,100.0,10,10,1.0,100.0,10,10,1.0,100.0,18,18,1.0,100.0,9,9,1.0,100.0,6,6,1.0,100.0
Golden,G000592,D,ME,5,12,0.416667,-16.6667,2,15,0.133333,-73.3333,2,11,0.181818,-63.6364,11,27,0.407407,-18.5185,4,11,0.363636,-27.2727,9,20,0.45,-10.0,5,20,0.25,-50.0,11,24,0.458333,-8.3333,11,26,0.423077,-15.3846,0,10,0.0,-100.0,7,23,0.304348,-39.1304
Gomez,G000585,D,CA,0,12,0.0,-100.0,2,15,0.133333,-73.3333,1,12,0.083333,-83.3333,2,27,0.074074,-85.1852,1,11,0.090909,-81.8182,1,19,0.052632,-89.4737,0,20,0.0,-100.0,1,24,0.041667,-91.6667,2,26,0.076923,-84.6154,0,10,0.0,-100.0,2,23,0.086957,-82.6087
"Gonzales, Tony",G000594,R,TX,5,6,0.833333,66.6667,9,12,0.75,50.0,7,7,1.0,100.0,25,25,1.0,100.0,8,11,0.727273,45.4545,12,14,0.857143,71.4286,17,19,0.894737,78.9474,19,20,0.95,90.0,16,22,0.727273,45.4545,8,10,0.8,60.0,19,20,0.95,90.0
Gonzalez (OH),G000588,R,OH,2,7,0.285714,-42.8571,1,6,0.166667,-66.6667,3,6,0.5,0.0,4,6,0.666667,33.3333,4,7,0.571429,14.2857,3,6,0.5,0.0,3,12,0.25,-50.0,10,11,0.909091,81.8182,9,19,0.473684,-5.2632,2,9,0.222222,-55.5556,4,7,0.571429,14.2857
"Gonzalez, Vicente",G000581,D,TX,2,12,0.166667,-66.6667,4,15,0.266667,-46.6667,3,11,0.272727,-45.4545,12,27,0.444444,-11.1111,1,11,0.090909,-81.8182,10,20,0.5,0.0,7,20,0.35,-30.0,8,24,0.333333,-33.3333,5,26,0.192308,-61.5385,0,10,0.0,-100.0,7,23,0.304348,-39.1304
Good (VA),G000595,R,VA,4,4,1.0,100.0,5,5,1.0,100.0,5,5,1.0,100.0,5,5,1.0,100.0,9,9,1.0,100.0,3,3,1.0,100.0,11,11,1.0,100.0,10,11,0.909091,81.8182,18,18,1.0,100.0,7,7,1.0,100.0,4,6,0.666667,33.3333
Gooden (TX),G000589,R,TX,11,11,1.0,100.0,13,13,1.0,100.0,12,12,1.0,100.0,27,27,1.0,100.0,11,11,1.0,100.0,20,20,1.0,100.0,22,22,1.0,100.0,24,24,1.0,100.0,23,26,0.884615,76.9231,10,10,1.0,100.0,23,23,1.0,100.0
Gosar,G000565,R,AZ,12,12,1.0,100.0,15,15,1.0,100.0,9,9,1.0,100.0,27,27,1.0,100.0,9,9,1.0,100.0,19,19,1.0,100.0,20,20,1.0,100.0,20,23,0.869565,73.913,22,26,0.846154,69.2308,10,10,1.0,100.0,18,20,0.9,80.0
Gottheimer,G000583,D,NJ,0,12,0.0,-100.0,3,13,0.230769,-53.8462,1,12,0.083333,-83.3333,4,24,0.166667,-66.6667,3,11,0.272727,-45.4545,3,19,0.157895,-68.4211,0,19,0.0,-100.0,1,17,0.058824,-88.2353,0,24,0.0,-100.0,2,10,0.2,-60.0,4,20,0.2,-60.0
Granger,G000377,R,TX,5,10,0.5,0.0,4,7,0.571429,14.2857,5,7,0.714286,42.8571,4,8,0.5,0.0,6,9,0.666667,33.3333,3,6,0.5,0.0,10,12,0.833333,66.6667,8,11,0.727273,45.4545,14,19,0.736842,47.3684,5,9,0.555556,11.1111,5,7,0.714286,42.8571
Graves (LA),G000577,R,LA,6,8,0.75,50.0,3,7,0.428571,-14.2857,7,7,1.0,100.0,4,7,0.571429,14.2857,5,7,0.714286,42.8571,6,6,1.0,100.0,12,12,1.0,100.0,10,13,0.769231,53.8462,12,21,0.571429,14.2857,6,9,0.666667,33.3333,7,8,0.875,75.0
Graves (MO),G000546,R,MO,12,12,1.0,100.0,15,15,1.0,100.0,12,12,1.0,100.0,27,27,1.0,100.0,11,11,1.0,100.0,20,20,1.0,100.0,22,22,1.0,100.0,23,24,0.958333,91.6667,21,26,0.807692,61.5385,10,10,1.0,100.0,23,23,1.0,100.0
Green (TN),G000590,R,TN,11,12,0.916667,83.3333,12,12,1.0,100.0,9,11,0.818182,63.6364,13,13,1.0,100.0,9,9,1.0,100.0,18,18,1.0,100.0,21,21,1.0,100.0,22,22,1.0,100.0,24,24,1.0,100.0,10,10,1.0,100.0,16,16,1.0,100.0
"Green, Al (TX)",G000553,D,TX,0,12,0.0,-100.0,0,15,0.0,-100.0,0,12,0.0,-100.0,0,27,0.0,-100.0,0,11,0.0,-100.0,0,20,0.0,-100.0,0,22,0.0,-100.0,0,24,0.0,-100.0,0,26,0.0,-100.0,0,10,0.0,-100.0,0,23,0.0,-100.0
Greene (GA),G000596,R,GA,6,6,1.0,100.0,13,13,1.0,100.0,10,10,1.0,100.0,20,22,0.909091,81.8182,9,10,0.9,80.0,17,17,1.0,100.0,21,21,1.0,100.0,20,21,0.952381,90.4762,19,19,1.0,100.0,10,10,1.0,100.0,14,16,0.875,75.0
Griffith,G000568,R,VA,10,11,0.909091,81.8182,15,15,1.0,100.0,10,10,1.0,100.0,25,27,0.925926,85.1852,8,11,0.727273,45.4545,20,20,1.0,100.0,22,22,1.0,100.0,22,24,0.916667,83.3333,21,26,0.807692,61.5385,10,10,1.0,100.0,21,23,0.913043,82.6087
Grijalva,G000551,D,AZ,0,10,0.0,-100.0,0,7,0.0,-100.0,0,7,0.0,-100.0,0,8,0.0,-100.0,0,9,0.0,-100.0,1,6,0.166667,-66.6667,0,12,0.0,-100.0,0,11,0.0,-100.0,0,19,0.0,-100.0,0,9,0.0,-100.0,2,7,0.285714,-42.8571
Grothman,G000576,R,WI,12,12,1.0,100.0,15,15,1.0,100.0,10,11,0.909091,81.8182,27,27,1.0,100.0,11,11,1.0,100.0,20,20,1.0,100.0,17,20,0.85,70.0,23,24,0.958333,91.6667,22,26,0.846154,69.2308,10,10,1.0,100.0,23,23,1.0,100.0
Guest,G000591,R,MS,9,12,0.75,50.0,13,15,0.866667,73.3333,12,12,1.0,100.0,26,27,0.962963,92.5926,11,11,1.0,100.0,19,20,0.95,90.0,21,22,0.954545,90.9091,23,23,1.0,100.0,22,24,0.916667,83.3333,10,10,1.0,100.0,21,23,0.913043,82.6087
Guthrie,G000558,R,KY,10,12,0.833333,66.6667,13,15,0.866667,73.3333,10,12,0.833333,66.6667,26,27,0.962963,92.5926,11,11,1.0,100.0,19,20,0.95,90.0,22,22,1.0,100.0,21,23,0.913043,82.6087,23,26,0.884615,76.9231,10,10,1.0,100.0,19,21,0.904762,80.9524
Harder (CA),H001090,D,CA,0,12,0.0,-100.0,3,15,0.2,-60.0,1,11,0.090909,-81.8182,4,27,0.148148,-70.3704,1,11,0.090909,-81.8182,3,20,0.15,-70.0,0,20,0.0,-100.0,2,24,0.083333,-83.3333,2,26,0.076923,-84.6154,0,10,0.0,-100.0,2,23,0.086957,-82.6087
Harris,H001052,R,MD,12,12,1.0,100.0,15,15,1.0,100.0,11,11,1.0,100.0,23,25,0.92,84.0,9,11,0.818182,63.6364,20,20,1.0,100.0,22,22,1.0,100.0,24,24,1.0,100.0,26,26,1.0,100.0,8,10,0.8,60.0,21,21,1.0,100.0
Harshbarger,H001086,R,TN,6,6,1.0,100.0,13,13,1.0,100.0,10,10,1.0,100.0,25,25,1.0,100.0,11,11,1.0,100.0,17,17,1.0,100.0,21,21,1.0,100.0,22,22,1.0,100.0,23,23,1.0,100.0,10,10,1.0,100.0,20,20,1.0,100.0
Hartzler,H001053,R,MO,2,5,0.4,-20.0,4,6,0.666667,33.3333,6,6,1.0,100.0,4,6,0.666667,33.3333,7,7,1.0,100.0,6,6,1.0,100.0,8,9,0.888889,77.7778,8,11,0.727273,45.4545,12,19,0.631579,26.3158,9,9,1.0,100.0,6,6,1.0,100.0
Hayes,H001081,D,CT,0,12,0.0,-100.0,0,15,0.0,-100.0,0,12,0.0,-100.0,0,27,0.0,-100.0,0,11,0.0,-100.0,3,20,0.15,-70.0,0,22,0.0,-100.0,1,24,0.041667,-91.6667,0,26,0.0,-100.0,0,10,0.0,-100.0,2,23,0.086957,-82.6087
Hern,H001082,R,OK,12,12,1.0,100.0,15,15,1.0,100.0,12,12,1.0,100.0,26,26,1.0,100.0,9,9,1.0,100.0,20,20,1.0,100.0,22,22,1.0,100.0,24,24,1.0,100.0,26,26,1.0,100.0,8,8,1.0,100.0,22,22,1.0,100.0
Herrell,H001084,R,NM,1,1,1.0,100.0,4,4,1.0,100.0,4,4,1.0,100.0,4,4,1.0,100.0,7,7,1.0,100.0,3,3,1.0,100.0,11,11,1.0,100.0,9,9,1.0,100.0,16,16,1.0,100.0,9,9,1.0,100.0,4,4,1.0,100.0
Herrera Beutler,H001056,R,WA,0,7,0.0,-100.0,2,6,0.333333,-33.3333,3,6,0.5,0.0,3,6,0.5,0.0,4,7,0.571429,14.2857,3,6,0.5,0.0,6,12,0.5,0.0,5,11,0.454545,-9.0909,11,16,0.6875,37.5,5,9,0.555556,11.1111,3,7,0.428571,-14.2857
Hice (GA),H001071,R,GA,7,7,1.0,100.0,6,6,1.0,100.0,6,6,1.0,100.0,6,6,1.0,100.0,7,7,1.0,100.0,6,6,1.0,100.0,12,12,1.0,100.0,11,11,1.0,100.0,18,18,1.0,100.0,9,9,1.0,100.0,5,5,1.0,100.0
Higgins (LA),H001077,R,LA,10,10,1.0,100.0,12,14,0.857143,71.4286,10,10,1.0,100.0,24,24,1.0,100.0,11,11,1.0,100.0,20,20,1.0,100.0,22,22,1.0,100.0,23,23,1.0,100.0,25,25,1.0,100.0,10,10,1.0,100.0,20,21,0.952381,90.4762
Higgins (NY),H001038,D,NY,0,10,0.0,-100.0,0,7,0.0,-100.0,0,7,0.0,-100.0,0,8,0.0,-100.0,0,9,0.0,-100.0,0,6,0.0,-100.0,0,12,0.0,-100.0,0,11,0.0,-100.0,0,19,0.0,-100.0,0,9,0.0,-100.0,0,7,0.0,-100.0
Hill,H001072,R,AR,9,12,0.75,50.0,13,15,0.866667,73.3333,10,12,0.833333,66.6667,26,27,0.962963,92.5926,9,11,0.818182,63.6364,18,19,0.947368,89.4737,19,20,0.95,90.0,21,24,0.875,75.0,19,26,0.730769,46.1538,10,10,1.0,100.0,21,23,0.913043,82.6087
Himes,H001047,D,CT,0,12,0.0,-100.0,0,15,0.0,-100.0,0,12,0.0,-100.0,2,27,0.074074,-85.1852,2,11,0.181818,-63.6364,0,20,0.0,-100.0,0,22,0.0,-100.0,2,24,0.083333,-83.3333,2,26,0.076923,-84.6154,0,10,0.0,-100.0,4,23,0.173913,-65.2174
Hinson,H001091,R,IA,5,5,1.0,100.0,12,13,0.923077,84.6154,9,10,0.9,80.0,25,25,1.0,100.0,8,9,0.888889,77.7778,14,16,0.875,75.0,16,18,0.888889,77.7778,19,20,0.95,90.0,18,23,0.782609,56.5217,8,10,0.8,60.0,20,20,1.0,100.0
Hollingsworth,H001074,R,IN,5,7,0.714286,42.8571,4,6,0.666667,33.3333,5,5,1.0,100.0,4,5,0.8,60.0,5,7,0.714286,42.8571,6,6,1.0,100.0,9,10,0.9,80.0,6,6,1.0,100.0,19,19,1.0,100.0,5,9,0.555556,11.1111,7,7,1.0,100.0
Horsford,H001066,D,NV,0,12,0.0,-100.0,2,15,0.133333,-73.3333,1,11,0.090909,-81.8182,2,27,0.074074,-85.1852,1,11,0.090909,-81.8182,3,20,0.15,-70.0,0,20,0.0,-100.0,3,24,0.125,-75.0,2,26,0.076923,-84.6154,0,10,0.0,-100.0,4,23,0.173913,-65.2174
Houlahan,H001085,D,PA,0,12,0.0,-100.0,0,15,0.0,-100.0,0,12,0.0,-100.0,2,27,0.074074,-85.1852,1,11,0.090909,-81.8182,0,20,0.0,-100.0,0,22,0.0,-100.0,2,24,0.083333,-83.3333,2,26,0.076923,-84.6154,0,10,0.0,-100.0,2,23,0.086957,-82.6087
Hoyer,H000874,D,MD,0,12,0.0,-100.0,0,15,0.0,-100.0,0,12,0.0,-100.0,0,27,0.0,-100.0,1,11,0.090909,-81.8182,0,19,0.0,-100.0,0,20,0.0,-100.0,2,23,0.086957,-82.6087,2,26,0.076923,-84.6154,0,10,0.0,-100.0,4,21,0.190476,-61.9048
Hudson,H001067,R,NC,10,11,0.909091,81.8182,13,15,0.866667,73.3333,10,10,1.0,100.0,27,27,1.0,100.0,11,11,1.0,100.0,20,20,1.0,100.0,22,22,1.0,100.0,23,23,1.0,100.0,21,24,0.875,75.0,10,10,1.0,100.0,23,23,1.0,100.0
Huffman,H001068,D,CA,0,12,0.0,-100.0,0,14,0.0,-100.0,0,11,0.0,-100.0,0,25,0.0,-100.0,0,9,0.0,-100.0,0,20,0.0,-100.0,0,22,0.0,-100.0,0,24,0.0,-100.0,0,26,0.0,-100.0,0,10,0.0,-100.0,0,23,0.0,-100.0
Huizenga,H001058,R,MI,8,12,0.666667,33.3333,13,15,0.866667,73.3333,10,12,0.833333,66.6667,26,27,0.962963,92.5926,11,11,1.0,100.0,20,20,1.0,100.0,22,22,1.0,100.0,24,24,1.0,100.0,23,26,0.884615,76.9231,10,10,1.0,100.0,23,23,1.0,100.0
Issa,I000056,R,CA,5,6,0.833333,66.6667,13,13,1.0,100.0,10,10,1.0,100.0,25,25,1.0,100.0,6,9,0.666667,33.3333,16,16,1.0,100.0,19,19,1.0,100.0,22,22,1.0,100.0,20,23,0.869565,73.913,8,10,0.8,60.0,19,19,1.0,100.0
Jackson,J000304,R,TX,6,6,1.0,100.0,13,13,1.0,100.0,10,10,1.0,100.0,25,25,1.0,100.0,11,11,1.0,100.0,14,14,1.0,100.0,18,18,1.0,100.0,22,22,1.0,100.0,23,23,1.0,100.0,10,10,1.0,100.0,20,20,1.0,100.0
Jackson Lee,J000032,D,TX,0,7,0.0,-100.0,0,7,0.0,-100.0,0,7,0.0,-100.0,0,6,0.0,-100.0,0,9,0.0,-100.0,0,6,0.0,-100.0,0,12,0.0,-100.0,0,10,0.0,-100.0,0,19,0.0,-100.0,0,9,0.0,-100.0,0,7,0.0,-100.0
Jacobs (CA),J000305,D,CA,0,6,0.0,-100.0,0,13,0.0,-100.0,0,10,0.0,-100.0,0,25,0.0,-100.0,0,11,0.0,-100.0,0,17,0.0,-100.0,0,20,0.0,-100.0,0,22,0.0,-100.0,0,23,0.0,-100.0,0,8,0.0,-100.0,0,20,0.0,-100.0
Jacobs (NY),J000020,R,NY,1,4,0.25,-50.0,4,4,1.0,100.0,5,6,0.833333,66.6667,4,5,0.8,60.0,5,7,0.714286,42.8571,3,3,1.0,100.0,3,11,0.272727,-45.4545,5,9,0.555556,11.1111,8,16,0.5,0.0,6,9,0.666667,33.3333,4,4,1.0,100.0
Jayapal,J000298,D,WA,0,12,0.0,-100.0,0,15,0.0,-100.0,0,12,0.0,-100.0,0,27,0.0,-100.0,0,11,0.0,-100.0,1,16,0.0625,-87.5,0,20,0.0,-100.0,0,24,0.0,-100.0,0,26,0.0,-100.0,0,10,0.0,-100.0,2,23,0.086957,-82.6087
Jeffries,J000294,D,NY,0,12,0.0,-100.0,0,15,0.0,-100.0,0,12,0.0,-100.0,2,27,0.074074,-85.1852,1,11,0.090909,-81.8182,0,20,0.0,-100.0,0,22,0.0,-100.0,1,24,0.041667,-91.6667,0,26,0.0,-100.0,0,10,0.0,-100.0,2,23,0.086957,-82.6087
Johnson (GA),J000288,D,GA,0,12,0.0,-100.0,0,14,0.0,-100.0,0,12,0.0,-100.0,0,27,0.0,-100.0,0,11,0.0,-100.0,0,17,0.0,-100.0,0,20,0.0,-100.0,0,24,0.0,-100.0,0,26,0.0,-100.0,0,10,0.0,-100.0,0,23,0.0,-100.0
Johnson (LA),J000299,R,LA,9,10,0.9,80.0,13,15,0.866667,73.3333,12,12,1.0,100.0,26,26,1.0,100.0,9,9,1.0,100.0,17,17,1.0,100.0,19,19,1.0,100.0,23,23,1.0,100.0,26,26,1.0,100.0,10,10,1.0,100.0,20,20,1.0,100.0
Johnson (OH),J000292,R,OH,10,10,1.0,100.0,7,7,1.0,100.0,7,7,1.0,100.0,7,8,0.875,75.0,9,9,1.0,100.0,5,6,0.833333,66.6667,10,12,0.833333,66.6667,8,11,0.727273,45.4545,12,19,0.631579,26.3158,7,9,0.777778,55.5556,5,7,0.714286,42.8571
Johnson (SD),J000301,R,SD,11,12,0.916667,83.3333,13,15,0.866667,73.3333,12,12,1.0,100.0,27,27,1.0,100.0,11,11,1.0,100.0,19,20,0.95,90.0,22,22,1.0,100.0,23,24,0.958333,91.6667,24,26,0.923077,84.6154,10,10,1.0,100.0,21,23,0.913043,82.6087
Johnson (TX),J000126,D,TX,0,7,0.0,-100.0,0,5,0.0,-100.0,0,6,0.0,-100.0,0,5,0.0,-100.0,0,7,0.0,-100.0,0,4,0.0,-100.0,0,12,0.0,-100.0,0,9,0.0,-100.0,0,19,0.0,-100.0,0,9,0.0,-100.0,0,7,0.0,-100.0
Jones,J000306,D,NY,0,1,0.0,-100.0,0,4,0.0,-100.0,0,4,0.0,-100.0,0,4,0.0,-100.0,0,7,0.0,-100.0,0,3,0.0,-100.0,0,11,0.0,-100.0,0,9,0.0,-100.0,0,16,0.0,-100.0,0,9,0.0,-100.0,0,4,0.0,-100.0
Jordan,J000289,R,OH,12,12,1.0,100.0,15,15,1.0,100.0,12,12,1.0,100.0,23,23,1.0,100.0,11,11,1.0,100.0,19,19,1.0,100.0,22,22,1.0,100.0,23,23,1.0,100.0,26,26,1.0,100.0,10,10,1.0,100.0,23,23,1.0,100.0
Joyce (OH),J000295,R,OH,7,12,0.583333,16.6667,12,15,0.8,60.0,9,12,0.75,50.0,24,27,0.888889,77.7778,8,11,0.727273,45.4545,17,20,0.85,70.0,16,22,0.727273,45.4545,21,24,0.875,75.0,18,26,0.692308,38.4615,4,10,0.4,-20.0,21,23,0.913043,82.6087
Joyce (PA),J000302,R,PA,12,12,1.0,100.0,15,15,1.0,100.0,11,11,1.0,100.0,27,27,1.0,100.0,11,11,1.0,100.0,20,20,1.0,100.0,20,20,1.0,100.0,23,24,0.958333,91.6667,24,26,0.923077,84.6154,10,10,1.0,100.0,23,23,1.0,100.0
Kahele,K000396,D,HI,0,1,0.0,-100.0,0,4,0.0,-100.0,0,4,0.0,-100.0,0,4,0.0,-100.0,0,7,0.0,-100.0,0,3,0.0,-100.0,0,11,0.0,-100.0,0,9,0.0,-100.0,0,16,0.0,-100.0,0,9,0.0,-100.0,0,4,0.0,-100.0
Kaptur,K000009,D,OH,0,12,0.0,-100.0,1,15,0.066667,-86.6667,0,12,0.0,-100.0,2,27,0.074074,-85.1852,1,11,0.090909,-81.8182,3,19,0.157895,-68.4211,0,20,0.0,-100.0,3,24,0.125,-75.0,2,26,0.076923,-84.6154,0,10,0.0,-100.0,6,23,0.26087,-47.8261
Katko,K000386,R,NY,0,7,0.0,-100.0,1,6,0.166667,-66.6667,4,6,0.666667,33.3333,1,6,0.166667,-66.6667,2,7,0.285714,-42.8571,0,6,0.0,-100.0,5,12,0.416667,-16.6667,2,11,0.181818,-63.6364,8,19,0.421053,-15.7895,2,9,0.222222,-55.5556,2,7,0.285714,-42.8571
Keating,K000375,D,MA,0,12,0.0,-100.0,0,15,0.0,-100.0,0,12,0.0,-100.0,0,26,0.0,-100.0,0,11,0.0,-100.0,0,20,0.0,-100.0,0,19,0.0,-100.0,1,24,0.041667,-91.6667,2,26,0.076923,-84.6154,0,8,0.0,-100.0,0,23,0.0,-100.0
Keller,K000395,R,PA,4,5,0.8,60.0,4,6,0.666667,33.3333,6,6,1.0,100.0,6,6,1.0,100.0,7,7,1.0,100.0,5,5,1.0,100.0,12,12,1.0,100.0,11,11,1.0,100.0,16,19,0.842105,68.4211,9,9,1.0,100.0,4,4,1.0,100.0
Kelly (IL),K000385,D,IL,0,12,0.0,-100.0,0,15,0.0,-100.0,0,12,0.0,-100.0,2,27,0.074074,-85.1852,1,11,0.090909,-81.8182,0,20,0.0,-100.0,0,22,0.0,-100.0,0,24,0.0,-100.0,0,26,0.0,-100.0,0,10,0.0,-100.0,0,23,0.0,-100.0
Kelly (MS),K000388,R,MS,11,12,0.916667,83.3333,11,13,0.846154,69.2308,11,11,1.0,100.0,24,24,1.0,100.0,11,11,1.0,100.0,20,20,1.0,100.0,22,22,1.0,100.0,22,22,1.0,100.0,26,26,1.0,100.0,10,10,1.0,100.0,22,22,1.0,100.0
Kelly (PA),K000376,R,PA,10,12,0.833333,66.6667,13,15,0.866667,73.3333,10,12,0.833333,66.6667,27,27,1.0,100.0,11,11,1.0,100.0,20,20,1.0,100.0,22,22,1.0,100.0,24,24,1.0,100.0,23,26,0.884615,76.9231,10,10,1.0,100.0,23,23,1.0,100.0
Khanna,K000389,D,CA,0,12,0.0,-100.0,2,15,0.133333,-73.3333,1,10,0.1,-80.0,2,27,0.074074,-85.1852,1,11,0.090909,-81.8182,0,20,0.0,-100.0,0,18,0.0,-100.0,0,24,0.0,-100.0,0,26,0.0,-100.0,0,10,0.0,-100.0,0,23,0.0,-100.0
Kildee,K000380,D,MI,0,10,0.0,-100.0,0,7,0.0,-100.0,0,7,0.0,-100.0,0,8,0.0,-100.0,0,9,0.0,-100.0,0,6,0.0,-100.0,0,12,0.0,-100.0,1,13,0.076923,-84.6154,2,21,0.095238,-80.9524,0,9,0.0,-100.0,0,9,0.0,-100.0
Kilmer,K000381,D,WA,0,10,0.0,-100.0,1,7,0.142857,-71.4286,0,7,0.0,-100.0,2,8,0.25,-50.0,0,9,0.0,-100.0,0,6,0.0,-100.0,0,12,0.0,-100.0,1,13,0.076923,-84.6154,2,21,0.095238,-80.9524,0,9,0.0,-100.0,0,9,0.0,-100.0
Kim (CA),K000397,R,CA,5,6,0.833333,66.6667,11,13,0.846154,69.2308,10,10,1.0,100.0,22,24,0.916667,83.3333,6,11,0.545455,9.0909,17,17,1.0,100.0,20,21,0.952381,90.4762,20,22,0.909091,81.8182,18,23,0.782609,56.5217,4,8,0.5,0.0,18,20,0.9,80.0
Kim (NJ),K000394,D,NJ,0,10,0.0,-100.0,0,7,0.0,-100.0,0,7,0.0,-100.0,0,8,0.0,-100.0,0,9,0.0,-100.0,0,6,0.0,-100.0,0,12,0.0,-100.0,1,12,0.083333,-83.3333,2,21,0.095238,-80.9524,0,9,0.0,-100.0,0,7,0.0,-100.0
Kind,K000188,D,WI,0,5,0.0,-100.0,0,6,0.0,-100.0,0,6,0.0,-100.0,1,6,0.166667,-66.6667,0,7,0.0,-100.0,0,6,0.0,-100.0,0,12,0.0,-100.0,2,11,0.181818,-63.6364,0,19,0.0,-100.0,0,9,0.0,-100.0,0,6,0.0,-100.0
Kinzinger,K000378,R,IL,4,6,0.666667,33.3333,1,5,0.2,-60.0,3,5,0.6,20.0,2,4,0.5,0.0,2,5,0.4,-20.0,2,2,1.0,100.0,4,10,0.4,-20.0,2,7,0.285714,-42.8571,6,14,0.428571,-14.2857,2,9,0.222222,-55.5556,2,5,0.4,-20.0
Kirkpatrick,K000368,D,AZ,0,7,0.0,-100.0,0,6,0.0,-100.0,0,6,0.0,-100.0,0,6,0.0,-100.0,0,7,0.0,-100.0,0,6,0.0,-100.0,0,12,0.0,-100.0,0,11,0.0,-100.0,0,19,0.0,-100.0,0,9,0.0,-100.0,0,7,0.0,-100.0
Krishnamoorthi,K000391,D,IL,0,12,0.0,-100.0,2,15,0.133333,-73.3333,1,12,0.083333,-83.3333,2,27,0.074074,-85.1852,1,11,0.090909,-81.8182,0,20,0.0,-100.0,0,22,0.0,-100.0,0,24,0.0,-100.0,0,26,0.0,-100.0,0,10,0.0,-100.0,0,23,0.0,-100.0
Kuster,K000382,D,NH,0,10,0.0,-100.0,0,6,0.0,-100.0,0,7,0.0,-100.0,0,6,0.0,-100.0,0,9,0.0,-100.0,0,6,0.0,-100.0,0,12,0.0,-100.0,0,12,0.0,-100.0,0,19,0.0,-100.0,0,9,0.0,-100.0,0,9,0.0,-100.0
Kustoff,K000392,R,TN,10,12,0.833333,66.6667,13,15,0.866667,73.3333,10,12,0.833333,66.6667,26,27,0.962963,92.5926,11,11,1.0,100.0,19,20,0.95,90.0,21,22,0.954545,90.9091,21,23,0.913043,82.6087,19,24,0.791667,58.3333,10,10,1.0,100.0,21,23,0.913043,82.6087
LaHood,L000585,R,IL,12,12,1.0,100.0,14,14,1.0,100.0,12,12,1.0,100.0,27,27,1.0,100.0,11,11,1.0,100.0,18,18,1.0,100.0,22,22,1.0,100.0,22,23,0.956522,91.3043,22,24,0.916667,83.3333,10,10,1.0,100.0,23,23,1.0,100.0
LaMalfa,L000578,R,CA,12,12,1.0,100.0,13,15,0.866667,73.3333,10,10,1.0,100.0,23,24,0.958333,91.6667,10,10,1.0,100.0,18,19,0.947368,89.4737,22,22,1.0,100.0,21,24,0.875,75.0,22,24,0.916667,83.3333,10,10,1.0,100.0,16,19,0.842105,68.4211
Lamb,L000588,D,PA,0,7,0.0,-100.0,0,6,0.0,-100.0,0,6,0.0,-100.0,0,6,0.0,-100.0,0,7,0.0,-100.0,0,6,0.0,-100.0,0,12,0.0,-100.0,0,11,0.0,-100.0,0,19,0.0,-100.0,0,9,0.0,-100.0,0,7,0.0,-100.0
Lamborn,L000564,R,CO,9,10,0.9,80.0,7,7,1.0,100.0,7,7,1.0,100.0,8,8,1.0,100.0,7,9,0.777778,55.5556,6,6,1.0,100.0,12,12,1.0,100.0,12,12,1.0,100.0,19,19,1.0,100.0,9,9,1.0,100.0,9,9,1.0,100.0
Langevin,L000559,D,RI,0,7,0.0,-100.0,0,6,0.0,-100.0,0,6,0.0,-100.0,0,6,0.0,-100.0,0,7,0.0,-100.0,0,6,0.0,-100.0,0,12,0.0,-100.0,0,11,0.0,-100.0,0,19,0.0,-100.0,0,9,0.0,-100.0,0,7,0.0,-100.0
Larsen (WA),L000560,D,WA,0,12,0.0,-100.0,0,15,0.0,-100.0,0,12,0.0,-100.0,2,27,0.074074,-85.1852,2,11,0.181818,-63.6364,0,20,0.0,-100.0,0,22,0.0,-100.0,2,24,0.083333,-83.3333,2,26,0.076923,-84.6154,0,10,0.0,-100.0,4,23,0.173913,-65.2174
Larson (CT),L000557,D,CT,0,12,0.0,-100.0,0,14,0.0,-100.0,0,12,0.0,-100.0,0,25,0.0,-100.0,0,11,0.0,-100.0,0,20,0.0,-100.0,0,22,0.0,-100.0,1,24,0.041667,-91.6667,2,24,0.083333,-83.3333,0,10,0.0,-100.0,0,23,0.0,-100.0
Latta,L000566,R,OH,11,12,0.916667,83.3333,13,15,0.866667,73.3333,12,12,1.0,100.0,27,27,1.0,100.0,11,11,1.0,100.0,20,20,1.0,100.0,22,22,1.0,100.0,24,24,1.0,100.0,23,26,0.884615,76.9231,10,10,1.0,100.0,23,23,1.0,100.0
LaTurner,L000266,R,KS,4,4,1.0,100.0,5,5,1.0,100.0,5,5,1.0,100.0,6,6,1.0,100.0,8,9,0.888889,77.7778,3,3,1.0,100.0,11,11,1.0,100.0,10,11,0.909091,81.8182,13,18,0.722222,44.4444,7,9,0.777778,55.5556,6,6,1.0,100.0
Lawrence,L000581,D,MI,0,7,0.0,-100.0,0,6,0.0,-100.0,0,6,0.0,-100.0,0,6,0.0,-100.0,0,7,0.0,-100.0,0,6,0.0,-100.0,0,12,0.0,-100.0,0,11,0.0,-100.0,0,19,0.0,-100.0,0,9,0.0,-100.0,0,7,0.0,-100.0
Lawson (FL),L000586,D,FL,0,7,0.0,-100.0,0,6,0.0,-100.0,0,5,0.0,-100.0,0,6,0.0,-100.0,0,7,0.0,-100.0,0,6,0.0,-100.0,0,10,0.0,-100.0,0,11,0.0,-100.0,0,19,0.0,-100.0,0,9,0.0,-100.0,0,7,0.0,-100.0
Lee (CA),L000551,D,CA,0,10,0.0,-100.0,0,7,0.0,-100.0,0,7,0.0,-100.0,0,8,0.0,-100.0,0,9,0.0,-100.0,0,6,0.0,-100.0,0,12,0.0,-100.0,0,13,0.0,-100.0,0,21,0.0,-100.0,0,9,0.0,-100.0,0,9,0.0,-100.0
Lee (NV),L000590,D,NV,3,12,0.25,-50.0,3,15,0.2,-60.0,1,12,0.083333,-83.3333,7,27,0.259259,-48.1481,1,11,0.090909,-81.8182,3,20,0.15,-70.0,3,22,0.136364,-72.7273,3,24,0.125,-75.0,2,26,0.076923,-84.6154,0,10,0.0,-100.0,4,23,0.173913,-65.2174
Leger Fernandez,L000273,D,NM,0,6,0.0,-100.0,0,13,0.0,-100.0,0,10,0.0,-100.0,0,25,0.0,-100.0,0,11,0.0,-100.0,0,14,0.0,-100.0,0,18,0.0,-100.0,0,22,0.0,-100.0,0,23,0.0,-100.0,0,10,0.0,-100.0,0,20,0.0,-100.0
Lesko,L000589,R,AZ,10,10,1.0,100.0,4,4,1.0,100.0,7,7,1.0,100.0,8,8,1.0,100.0,7,7,1.0,100.0,4,4,1.0,100.0,12,12,1.0,100.0,12,13,0.923077,84.6154,18,20,0.9,80.0,9,9,1.0,100.0,8,8,1.0,100.0
Letlow,L000595,R,LA,5,6,0.833333,66.6667,11,13,0.846154,69.2308,10,10,1.0,100.0,24,24,1.0,100.0,8,11,0.727273,45.4545,17,17,1.0,100.0,21,21,1.0,100.0,19,20,0.95,90.0,17,22,0.772727,54.5455,6,8,0.75,50.0,19,20,0.95,90.0
Levin (CA),L000593,D,CA,0,12,0.0,-100.0,2,15,0.133333,-73.3333,1,12,0.083333,-83.3333,2,27,0.074074,-85.1852,1,11,0.090909,-81.8182,3,20,0.15,-70.0,0,22,0.0,-100.0,1,24,0.041667,-91.6667,0,26,0.0,-100.0,0,10,0.0,-100.0,2,23,0.086957,-82.6087
Levin (MI),L000592,D,MI,0,7,0.0,-100.0,0,6,0.0,-100.0,0,6,0.0,-100.0,0,6,0.0,-100.0,0,7,0.0,-100.0,0,6,0.0,-100.0,0,12,0.0,-100.0,0,11,0.0,-100.0,0,19,0.0,-100.0,0,9,0.0,-100.0,0,7,0.0,-100.0
Lieu,L000582,D,CA,0,11,0.0,-100.0,2,13,0.153846,-69.2308,1,12,0.083333,-83.3333,2,27,0.074074,-85.1852,1,11,0.090909,-81.8182,0,20,0.0,-100.0,0,22,0.0,-100.0,1,24,0.041667,-91.6667,0,26,0.0,-100.0,0,10,0.0,-100.0,2,23,0.086957,-82.6087
Lofgren,L000397,D,CA,0,12,0.0,-100.0,0,13,0.0,-100.0,0,11,0.0,-100.0,2,27,0.074074,-85.1852,1,11,0.090909,-81.8182,0,20,0.0,-100.0,0,22,0.0,-100.0,1,24,0.041667,-91.6667,0,26,0.0,-100.0,0,10,0.0,-100.0,2,23,0.086957,-82.6087
Long,L000576,R,MO,6,7,0.857143,71.4286,6,6,1.0,100.0,4,6,0.666667,33.3333,6,6,1.0,100.0,7,7,1.0,100.0,6,6,1.0,100.0,11,12,0.916667,83.3333,11,11,1.0,100.0,17,19,0.894737,78.9474,9,9,1.0,100.0,7,7,1.0,100.0
Loudermilk,L000583,R,GA,11,11,1.0,100.0,15,15,1.0,100.0,10,10,1.0,100.0,27,27,1.0,100.0,11,11,1.0,100.0,20,20,1.0,100.0,22,22,1.0,100.0,24,24,1.0,100.0,26,26,1.0,100.0,10,10,1.0,100.0,23,23,1.0,100.0
Lowenthal,L000579,D,CA,0,7,0.0,-100.0,0,6,0.0,-100.0,0,6,0.0,-100.0,0,6,0.0,-100.0,0,7,0.0,-100.0,0,6,0.0,-100.0,0,12,0.0,-100.0,0,11,0.0,-100.0,0,19,0.0,-100.0,0,9,0.0,-100.0,0,7,0.0,-100.0
Lucas,L000491,R,OK,10,12,0.833333,66.6667,13,15,0.866667,73.3333,11,11,1.0,100.0,26,26,1.0,100.0,9,11,0.818182,63.6364,17,18,0.944444,88.8889,18,19,0.947368,89.4737,21,22,0.954545,90.9091,19,26,0.730769,46.1538,10,10,1.0,100.0,21,23,0.913043,82.6087
Luetkemeyer,L000569,R,MO,9,10,0.9,80.0,5,7,0.714286,42.8571,7,7,1.0,100.0,7,8,0.875,75.0,9,9,1.0,100.0,5,6,0.833333,66.6667,11,12,0.916667,83.3333,10,12,0.833333,66.6667,14,19,0.736842,47.3684,9,9,1.0,100.0,7,9,0.777778,55.5556
Luria,L000591,D,VA,0,7,0.0,-100.0,0,6,0.0,-100.0,0,6,0.0,-100.0,0,6,0.0,-100.0,0,7,0.0,-100.0,0,6,0.0,-100.0,0,12,0.0,-100.0,0,11,0.0,-100.0,0,19,0.0,-100.0,0,9,0.0,-100.0,0,7,0.0,-100.0
Lynch,L000562,D,MA,0,12,0.0,-100.0,0,15,0.0,-100.0,0,12,0.0,-100.0,0,27,0.0,-100.0,0,11,0.0,-100.0,3,20,0.15,-70.0,0,22,0.0,-100.0,1,24,0.041667,-91.6667,2,26,0.076923,-84.6154,0,10,0.0,-100.0,0,23,0.0,-100.0
Mace,M000194,R,SC,6,6,1.0,100.0,13,13,1.0,100.0,9,10,0.9,80.0,23,25,0.92,84.0,9,11,0.818182,63.6364,17,17,1.0,100.0,19,21,0.904762,80.9524,20,21,0.952381,90.4762,20,23,0.869565,73.913,10,10,1.0,100.0,17,18,0.944444,88.8889
Malinowski,M001203,D,NJ,0,7,0.0,-100.0,0,6,0.0,-100.0,0,6,0.0,-100.0,0,6,0.0,-100.0,0,7,0.0,-100.0,0,6,0.0,-100.0,0,12,0.0,-100.0,0,11,0.0,-100.0,0,19,0.0,-100.0,0,9,0.0,-100.0,0,7,0.0,-100.0
Malliotakis,M000317,R,NY,6,6,1.0,100.0,11,13,0.846154,69.2308,9,10,0.9,80.0,21,23,0.913043,82.6087,10,11,0.909091,81.8182,17,17,1.0,100.0,17,20,0.85,70.0,20,22,0.909091,81.8182,18,23,0.782609,56.5217,8,10,0.8,60.0,17,20,0.85,70.0
"Maloney, Carolyn B.",M000087,D,NY,0,7,0.0,-100.0,0,6,0.0,-100.0,0,6,0.0,-100.0,0,6,0.0,-100.0,0,7,0.0,-100.0,0,6,0.0,-100.0,0,12,0.0,-100.0,0,11,0.0,-100.0,0,19,0.0,-100.0,0,9,0.0,-100.0,0,7,0.0,-100.0
"Maloney, Sean",M001185,D,NY,0,7,0.0,-100.0,0,6,0.0,-100.0,0,6,0.0,-100.0,0,6,0.0,-100.0,0,7,0.0,-100.0,0,6,0.0,-100.0,0,12,0.0,-100.0,0,11,0.0,-100.0,0,19,0.0,-100.0,0,9,0.0,-100.0,0,7,0.0,-100.0
Mann,M000871,R,KS,6,6,1.0,100.0,13,13,1.0,100.0,10,10,1.0,100.0,25,25,1.0,100.0,11,11,1.0,100.0,17,17,1.0,100.0,21,21,1.0,100.0,21,22,0.954545,90.9091,21,23,0.913043,82.6087,10,10,1.0,100.0,20,20,1.0,100.0
Manning,M001135,D,NC,0,4,0.0,-100.0,1,5,0.2,-60.0,0,5,0.0,-100.0,2,6,0.333333,-33.3333,0,9,0.0,-100.0,0,3,0.0,-100.0,0,11,0.0,-100.0,2,11,0.181818,-63.6364,2,18,0.111111,-77.7778,0,9,0.0,-100.0,2,6,0.333333,-33.3333
Massie,M001184,R,KY,12,12,1.0,100.0,15,15,1.0,100.0,12,12,1.0,100.0,21,25,0.84,68.0,9,10,0.9,80.0,18,20,0.9,80.0,22,22,1.0,100.0,23,24,0.958333,91.6667,24,26,0.923077,84.6154,10,10,1.0,100.0,19,23,0.826087,65.2174
Mast,M001199,R,FL,11,12,0.916667,83.3333,15,15,1.0,100.0,10,12,0.833333,66.6667,26,27,0.962963,92.5926,9,11,0.818182,63.6364,20,20,1.0,100.0,22,22,1.0,100.0,22,24,0.916667,83.3333,26,26,1.0,100.0,10,10,1.0,100.0,22,23,0.956522,91.3043
Matsui,M001163,D,CA,0,12,0.0,-100.0,0,15,0.0,-100.0,0,12,0.0,-100.0,2,27,0.074074,-85.1852,1,11,0.090909,-81.8182,0,20,0.0,-100.0,0,22,0.0,-100.0,1,24,0.041667,-91.6667,2,26,0.076923,-84.6154,0,10,0.0,-100.0,0,23,0.0,-100.0
McBath,M001208,D,GA,0,12,0.0,-100.0,2,15,0.133333,-73.3333,1,12,0.083333,-83.3333,2,27,0.074074,-85.1852,1,11,0.090909,-81.8182,3,17,0.176471,-64.7059,0,19,0.0,-100.0,2,24,0.083333,-83.3333,2,26,0.076923,-84.6154,0,10,0.0,-100.0,2,23,0.086957,-82.6087
McCarthy,M001165,R,CA,3,5,0.6,20.0,5,7,0.714286,42.8571,5,7,0.714286,42.8571,6,7,0.857143,71.4286,8,9,0.888889,77.7778,5,6,0.833333,66.6667,11,12,0.916667,83.3333,9,11,0.818182,63.6364,14,19,0.736842,47.3684,7,9,0.777778,55.5556,5,7,0.714286,42.8571
McCaul,M001157,R,TX,7,12,0.583333,16.6667,12,15,0.8,60.0,9,11,0.818182,63.6364,23,25,0.92,84.0,8,11,0.727273,45.4545,11,16,0.6875,37.5,15,17,0.882353,76.4706,22,24,0.916667,83.3333,20,26,0.769231,53.8462,6,10,0.6,20.0,21,23,0.913043,82.6087
McClain,M001136,R,MI,6,6,1.0,100.0,13,13,1.0,100.0,10,10,1.0,100.0,25,25,1.0,100.0,11,11,1.0,100.0,17,17,1.0,100.0,21,21,1.0,100.0,22,22,1.0,100.0,23,23,1.0,100.0,10,10,1.0,100.0,20,20,1.0,100.0
McClintock,M001177,R,CA,12,12,1.0,100.0,15,15,1.0,100.0,12,12,1.0,100.0,25,25,1.0,100.0,11,11,1.0,100.0,20,20,1.0,100.0,22,22,1.0,100.0,23,23,1.0,100.0,22,22,1.0,100.0,10,10,1.0,100.0,23,23,1.0,100.0
McCollum,M001143,D,MN,0,12,0.0,-100.0,0,15,0.0,-100.0,0,12,0.0,-100.0,0,27,0.0,-100.0,0,11,0.0,-100.0,0,20,0.0,-100.0,0,22,0.0,-100.0,0,24,0.0,-100.0,0,26,0.0,-100.0,0,10,0.0,-100.0,0,23,0.0,-100.0
McGovern,M000312,D,MA,0,12,0.0,-100.0,0,15,0.0,-100.0,0,12,0.0,-100.0,0,24,0.0,-100.0,0,11,0.0,-100.0,0,20,0.0,-100.0,0,19,0.0,-100.0,0,19,0.0,-100.0,0,26,0.0,-100.0,0,10,0.0,-100.0,0,19,0.0,-100.0
McHenry,M001156,R,NC,6,8,0.75,50.0,3,7,0.428571,-14.2857,4,6,0.666667,33.3333,6,7,0.857143,71.4286,9,9,1.0,100.0,5,6,0.833333,66.6667,9,10,0.9,80.0,9,11,0.818182,63.6364,10,17,0.588235,17.6471,8,9,0.888889,77.7778,6,9,0.666667,33.3333
McKinley,M001180,R,WV,3,6,0.5,0.0,4,6,0.666667,33.3333,6,6,1.0,100.0,2,6,0.333333,-33.3333,5,5,1.0,100.0,4,5,0.8,60.0,7,9,0.777778,55.5556,2,5,0.4,-20.0,12,17,0.705882,41.1765,7,9,0.777778,55.5556,5,7,0.714286,42.8571
McNerney,M001166,D,CA,0,5,0.0,-100.0,0,6,0.0,-100.0,0,6,0.0,-100.0,0,6,0.0,-100.0,0,7,0.0,-100.0,0,6,0.0,-100.0,0,12,0.0,-100.0,0,11,0.0,-100.0,0,19,0.0,-100.0,0,9,0.0,-100.0,0,6,0.0,-100.0
Meeks,M001137,D,NY,0,12,0.0,-100.0,2,15,0.133333,-73.3333,1,12,0.083333,-83.3333,2,26,0.076923,-84.6154,1,11,0.090909,-81.8182,0,18,0.0,-100.0,0,19,0.0,-100.0,1,23,0.043478,-91.3043,0,24,0.0,-100.0,0,10,0.0,-100.0,2,23,0.086957,-82.6087
Meijer,M001186,R,MI,0,1,0.0,-100.0,1,4,0.25,-50.0,3,4,0.75,50.0,1,4,0.25,-50.0,3,7,0.428571,-14.2857,1,3,0.333333,-33.3333,6,11,0.545455,9.0909,8,9,0.888889,77.7778,12,16,0.75,50.0,5,9,0.555556,11.1111,2,4,0.5,0.0
Meng,M001188,D,NY,0,12,0.0,-100.0,0,15,0.0,-100.0,0,12,0.0,-100.0,2,26,0.076923,-84.6154,1,11,0.090909,-81.8182,2,20,0.1,-80.0,0,22,0.0,-100.0,0,24,0.0,-100.0,1,26,0.038462,-92.3077,0,8,0.0,-100.0,0,23,0.0,-100.0
Meuser,M001204,R,PA,10,11,0.909091,81.8182,12,12,1.0,100.0,10,12,0.833333,66.6667,25,25,1.0,100.0,11,11,1.0,100.0,20,20,1.0,100.0,21,22,0.954545,90.9091,23,24,0.958333,91.6667,19,26,0.730769,46.1538,10,10,1.0,100.0,23,23,1.0,100.0
Mfume,M000687,D,MD,0,9,0.0,-100.0,0,13,0.0,-100.0,0,12,0.0,-100.0,0,26,0.0,-100.0,0,11,0.0,-100.0,0,17,0.0,-100.0,0,21,0.0,-100.0,1,22,0.045455,-90.9091,0,23,0.0,-100.0,0,10,0.0,-100.0,2,20,0.1,-80.0
Miller (IL),M001211,R,IL,6,6,1.0,100.0,13,13,1.0,100.0,9,9,1.0,100.0,25,25,1.0,100.0,11,11,1.0,100.0,17,17,1.0,100.0,19,19,1.0,100.0,17,18,0.944444,88.8889,19,21,0.904762,80.9524,10,10,1.0,100.0,20,20,1.0,100.0
Miller (WV),M001205,R,WV,11,12,0.916667,83.3333,15,15,1.0,100.0,10,12,0.833333,66.6667,24,25,0.96,92.0,11,11,1.0,100.0,19,20,0.95,90.0,21,22,0.954545,90.9091,21,24,0.875,75.0,22,26,0.846154,69.2308,10,10,1.0,100.0,21,23,0.913043,82.6087
Miller-Meeks,M001215,R,IA,6,6,1.0,100.0,12,13,0.923077,84.6154,9,10,0.9,80.0,25,25,1.0,100.0,10,11,0.909091,81.8182,15,17,0.882353,76.4706,19,21,0.904762,80.9524,21,22,0.954545,90.9091,18,23,0.782609,56.5217,8,10,0.8,60.0,20,20,1.0,100.0
Moolenaar,M001194,R,MI,10,12,0.833333,66.6667,13,15,0.866667,73.3333,10,12,0.833333,66.6667,26,27,0.962963,92.5926,10,11,0.909091,81.8182,19,20,0.95,90.0,21,22,0.954545,90.9091,22,24,0.916667,83.3333,24,26,0.923077,84.6154,8,10,0.8,60.0,21,23,0.913043,82.6087
Mooney,M001195,R,WV,9,10,0.9,80.0,7,7,1.0,100.0,6,6,1.0,100.0,7,8,0.875,75.0,7,9,0.777778,55.5556,6,6,1.0,100.0,10,10,1.0,100.0,10,12,0.833333,66.6667,19,19,1.0,100.0,9,9,1.0,100.0,9,9,1.0,100.0
Moore (AL),M001212,R,AL,6,6,1.0,100.0,13,13,1.0,100.0,10,10,1.0,100.0,25,25,1.0,100.0,11,11,1.0,100.0,17,17,1.0,100.0,21,21,1.0,100.0,22,22,1.0,100.0,23,23,1.0,100.0,10,10,1.0,100.0,20,20,1.0,100.0
Moore (UT),M001213,R,UT,6,6,1.0,100.0,11,13,0.846154,69.2308,9,10,0.9,80.0,23,25,0.92,84.0,11,11,1.0,100.0,17,17,1.0,100.0,19,21,0.904762,80.9524,20,22,0.909091,81.8182,18,23,0.782609,56.5217,10,10,1.0,100.0,19,20,0.95,90.0
Moore (WI),M001160,D,WI,0,12,0.0,-100.0,0,15,0.0,-100.0,0,9,0.0,-100.0,0,27,0.0,-100.0,0,11,0.0,-100.0,0,19,0.0,-100.0,0,20,0.0,-100.0,0,24,0.0,-100.0,0,26,0.0,-100.0,0,10,0.0,-100.0,0,23,0.0,-100.0
Morelle,M001206,D,NY,0,12,0.0,-100.0,0,15,0.0,-100.0,0,11,0.0,-100.0,0,26,0.0,-100.0,0,11,0.0,-100.0,3,20,0.15,-70.0,0,18,0.0,-100.0,2,24,0.083333,-83.3333,0,26,0.0,-100.0,0,10,0.0,-100.0,4,23,0.173913,-65.2174
Moulton,M001196,D,MA,0,12,0.0,-100.0,0,13,0.0,-100.0,0,11,0.0,-100.0,2,27,0.074074,-85.1852,1,11,0.090909,-81.8182,0,20,0.0,-100.0,0,22,0.0,-100.0,1,23,0.043478,-91.3043,2,26,0.076923,-84.6154,0,10,0.0,-100.0,0,21,0.0,-100.0
Mrvan,M001214,D,IN,0,6,0.0,-100.0,0,13,0.0,-100.0,0,10,0.0,-100.0,0,25,0.0,-100.0,0,11,0.0,-100.0,0,14,0.0,-100.0,0,21,0.0,-100.0,3,22,0.136364,-72.7273,2,23,0.086957,-82.6087,0,10,0.0,-100.0,4,20,0.2,-60.0
Mullin,M001190,R,OK,4,4,1.0,100.0,6,6,1.0,100.0,4,4,1.0,100.0,5,5,1.0,100.0,7,7,1.0,100.0,6,6,1.0,100.0,12,12,1.0,100.0,11,11,1.0,100.0,19,19,1.0,100.0,9,9,1.0,100.0,7,7,1.0,100.0
Murphy (FL),M001202,D,FL,0,7,0.0,-100.0,0,6,0.0,-100.0,0,6,0.0,-100.0,0,6,0.0,-100.0,0,7,0.0,-100.0,0,6,0.0,-100.0,0,12,0.0,-100.0,0,11,0.0,-100.0,0,19,0.0,-100.0,0,9,0.0,-100.0,0,7,0.0,-100.0
Murphy (NC),M001210,R,NC,8,10,0.8,60.0,13,15,0.866667,73.3333,10,12,0.833333,66.6667,27,27,1.0,100.0,11,11,1.0,100.0,19,19,1.0,100.0,22,22,1.0,100.0,23,23,1.0,100.0,21,24,0.875,75.0,10,10,1.0,100.0,20,20,1.0,100.0
Nadler,N000002,D,NY,0,12,0.0,-100.0,0,15,0.0,-100.0,0,12,0.0,-100.0,0,26,0.0,-100.0,0,11,0.0,-100.0,0,20,0.0,-100.0,0,22,0.0,-100.0,0,22,0.0,-100.0,0,26,0.0,-100.0,0,10,0.0,-100.0,0,23,0.0,-100.0
Napolitano,N000179,D,CA,0,10,0.0,-100.0,0,7,0.0,-100.0,0,7,0.0,-100.0,0,8,0.0,-100.0,0,9,0.0,-100.0,0,6,0.0,-100.0,0,12,0.0,-100.0,0,13,0.0,-100.0,0,21,0.0,-100.0,0,9,0.0,-100.0,0,9,0.0,-100.0
Neal,N000015,D,MA,0,10,0.0,-100.0,0,15,0.0,-100.0,0,12,0.0,-100.0,0,27,0.0,-100.0,0,11,0.0,-100.0,0,17,0.0,-100.0,0,19,0.0,-100.0,0,24,0.0,-100.0,0,26,0.0,-100.0,0,10,0.0,-100.0,0,22,0.0,-100.0
Neguse,N000191,D,CO,0,12,0.0,-100.0,0,15,0.0,-100.0,0,12,0.0,-100.0,0,27,0.0,-100.0,0,11,0.0,-100.0,0,20,0.0,-100.0,0,22,0.0,-100.0,0,24,0.0,-100.0,0,26,0.0,-100.0,0,10,0.0,-100.0,0,23,0.0,-100.0
Nehls,N000026,R,TX,4,4,1.0,100.0,13,13,1.0,100.0,10,10,1.0,100.0,25,25,1.0,100.0,11,11,1.0,100.0,17,17,1.0,100.0,21,21,1.0,100.0,17,18,0.944444,88.8889,19,21,0.904762,80.9524,10,10,1.0,100.0,19,19,1.0,100.0
Newhouse,N000189,R,WA,11,12,0.916667,83.3333,12,15,0.8,60.0,11,12,0.916667,83.3333,26,27,0.962963,92.5926,8,11,0.727273,45.4545,17,20,0.85,70.0,19,22,0.863636,72.7273,20,23,0.869565,73.913,19,26,0.730769,46.1538,8,10,0.8,60.0,18,21,0.857143,71.4286
Newman,N000192,D,IL,0,1,0.0,-100.0,0,4,0.0,-100.0,0,4,0.0,-100.0,0,4,0.0,-100.0,0,7,0.0,-100.0,0,3,0.0,-100.0,0,11,0.0,-100.0,0,9,0.0,-100.0,0,16,0.0,-100.0,0,9,0.0,-100.0,0,4,0.0,-100.0
Norcross,N000188,D,NJ,0,12,0.0,-100.0,0,13,0.0,-100.0,0,11,0.0,-100.0,0,22,0.0,-100.0,0,9,0.0,-100.0,0,18,0.0,-100.0,0,16,0.0,-100.0,1,20,0.05,-90.0,2,26,0.076923,-84.6154,0,9,0.0,-100.0,0,16,0.0,-100.0
Norman,N000190,R,SC,10,10,1.0,100.0,15,15,1.0,100.0,12,12,1.0,100.0,26,26,1.0,100.0,11,11,1.0,100.0,20,20,1.0,100.0,22,22,1.0,100.0,23,24,0.958333,91.6667,26,26,1.0,100.0,10,10,1.0,100.0,21,23,0.913043,82.6087
O'Halleran,O000171,D,AZ,0,7,0.0,-100.0,0,6,0.0,-100.0,0,6,0.0,-100.0,0,6,0.0,-100.0,0,7,0.0,-100.0,0,6,0.0,-100.0,0,12,0.0,-100.0,0,11,0.0,-100.0,0,19,0.0,-100.0,0,9,0.0,-100.0,0,7,0.0,-100.0
Obernolte,O000019,R,CA,5,6,0.833333,66.6667,11,13,0.846154,69.2308,10,10,1.0,100.0,23,25,0.92,84.0,8,11,0.727273,45.4545,17,17,1.0,100.0,21,21,1.0,100.0,20,22,0.909091,81.8182,21,23,0.913043,82.6087,8,10,0.8,60.0,19,20,0.95,90.0
Ocasio-Cortez,O000172,D,NY,3,12,0.25,-50.0,1,15,0.066667,-86.6667,2,12,0.166667,-66.6667,1,27,0.037037,-92.5926,2,11,0.181818,-63.6364,3,20,0.15,-70.0,0,22,0.0,-100.0,5,24,0.208333,-58.3333,1,26,0.038462,-92.3077,0,10,0.0,-100.0,3,23,0.130435,-73.913
Omar,O000173,D,MN,0,12,0.0,-100.0,0,15,0.0,-100.0,0,12,0.0,-100.0,1,25,0.04,-92.0,0,11,0.0,-100.0,3,19,0.157895,-68.4211,0,20,0.0,-100.0,2,22,0.090909,-81.8182,1,26,0.038462,-92.3077,0,9,0.0,-100.0,2,22,0.090909,-81.8182
Owens,O000086,R,UT,6,6,1.0,100.0,13,13,1.0,100.0,10,10,1.0,100.0,25,25,1.0,100.0,11,11,1.0,100.0,17,17,1.0,100.0,21,21,1.0,100.0,22,22,1.0,100.0,20,23,0.869565,73.913,10,10,1.0,100.0,20,20,1.0,100.0
Palazzo,P000601,R,MS,5,7,0.714286,42.8571,6,6,1.0,100.0,6,6,1.0,100.0,4,6,0.666667,33.3333,6,7,0.857143,71.4286,5,6,0.833333,66.6667,11,12,0.916667,83.3333,9,11,0.818182,63.6364,14,19,0.736842,47.3684,7,9,0.777778,55.5556,5,7,0.714286,42.8571
Pallone,P000034,D,NJ,0,12,0.0,-100.0,0,15,0.0,-100.0,0,12,0.0,-100.0,1,27,0.037037,-92.5926,0,11,0.0,-100.0,0,20,0.0,-100.0,0,22,0.0,-100.0,2,24,0.083333,-83.3333,0,26,0.0,-100.0,0,10,0.0,-100.0,0,23,0.0,-100.0
Palmer,P000609,R,AL,10,10,1.0,100.0,13,13,1.0,100.0,12,12,1.0,100.0,24,24,1.0,100.0,11,11,1.0,100.0,19,19,1.0,100.0,22,22,1.0,100.0,24,24,1.0,100.0,26,26,1.0,100.0,9,9,1.0,100.0,23,23,1.0,100.0
Panetta,P000613,D,CA,0,12,0.0,-100.0,3,15,0.2,-60.0,1,12,0.083333,-83.3333,4,27,0.148148,-70.3704,1,11,0.090909,-81.8182,0,20,0.0,-100.0,0,22,0.0,-100.0,2,24,0.083333,-83.3333,2,26,0.076923,-84.6154,0,10,0.0,-100.0,2,23,0.086957,-82.6087
Pappas,P000614,D,NH,3,12,0.25,-50.0,3,15,0.2,-60.0,1,12,0.083333,-83.3333,4,27,0.148148,-70.3704,1,11,0.090909,-81.8182,3,20,0.15,-70.0,0,22,0.0,-100.0,2,24,0.083333,-83.3333,2,26,0.076923,-84.6154,0,10,0.0,-100.0,2,23,0.086957,-82.6087
Pascrell,P000096,D,NJ,0,10,0.0,-100.0,0,7,0.0,-100.0,0,7,0.0,-100.0,0,8,0.0,-100.0,0,9,0.0,-100.0,0,6,0.0,-100.0,0,12,0.0,-100.0,0,11,0.0,-100.0,0,19,0.0,-100.0,0,9,0.0,-100.0,0,7,0.0,-100.0
Payne,P000604,D,NJ,0,8,0.0,-100.0,0,7,0.0,-100.0,0,7,0.0,-100.0,0,8,0.0,-100.0,0,9,0.0,-100.0,0,6,0.0,-100.0,0,12,0.0,-100.0,0,11,0.0,-100.0,0,19,0.0,-100.0,0,9,0.0,-100.0,0,6,0.0,-100.0
Pelosi,P000197,D,CA,0,5,0.0,-100.0,0,13,0.0,-100.0,0,9,0.0,-100.0,2,21,0.095238,-80.9524,1,7,0.142857,-71.4286,0,11,0.0,-100.0,0,13,0.0,-100.0,1,19,0.052632,-89.4737,2,20,0.1,-80.0,0,6,0.0,-100.0,0,21,0.0,-100.0
Peltola,P000619,D,AK,0,4,0.0,-100.0,0,1,0.0,-100.0,0,2,0.0,-100.0,0,3,0.0,-100.0,0,4,0.0,-100.0,0,1,0.0,-100.0,0,5,0.0,-100.0,3,8,0.375,-25.0,4,9,0.444444,-11.1111,0,3,0.0,-100.0,2,2,1.0,100.0
Pence,P000615,R,IN,5,7,0.714286,42.8571,5,7,0.714286,42.8571,5,7,0.714286,42.8571,7,8,0.875,75.0,9,9,1.0,100.0,5,6,0.833333,66.6667,8,9,0.888889,77.7778,11,13,0.846154,69.2308,16,18,0.888889,77.7778,9,9,1.0,100.0,7,9,0.777778,55.5556
Perlmutter,P000593,D,CO,0,7,0.0,-100.0,0,6,0.0,-100.0,0,6,0.0,-100.0,0,6,0.0,-100.0,0,7,0.0,-100.0,0,6,0.0,-100.0,0,12,0.0,-100.0,0,11,0.0,-100.0,0,19,0.0,-100.0,0,9,0.0,-100.0,0,7,0.0,-100.0
Perry,P000605,R,PA,9,10,0.9,80.0,13,15,0.866667,73.3333,12,12,1.0,100.0,25,27,0.925926,85.1852,9,11,0.818182,63.6364,20,20,1.0,100.0,22,22,1.0,100.0,23,24,0.958333,91.6667,26,26,1.0,100.0,10,10,1.0,100.0,18,22,0.818182,63.6364
Peters,P000608,D,CA,0,12,0.0,-100.0,0,15,0.0,-100.0,0,12,0.0,-100.0,3,25,0.12,-76.0,2,11,0.181818,-63.6364,0,19,0.0,-100.0,0,19,0.0,-100.0,4,24,0.166667,-66.6667,2,24,0.083333,-83.3333,0,9,0.0,-100.0,4,23,0.173913,-65.2174
Pfluger,P000048,R,TX,6,6,1.0,100.0,13,13,1.0,100.0,10,10,1.0,100.0,25,25,1.0,100.0,11,11,1.0,100.0,17,17,1.0,100.0,21,21,1.0,100.0,22,22,1.0,100.0,23,23,1.0,100.0,10,10,1.0,100.0,20,20,1.0,100.0
Phillips,P000616,D,MN,0,10,0.0,-100.0,1,7,0.142857,-71.4286,0,7,0.0,-100.0,2,8,0.25,-50.0,0,9,0.0,-100.0,0,6,0.0,-100.0,0,12,0.0,-100.0,1,12,0.083333,-83.3333,0,19,0.0,-100.0,0,9,0.0,-100.0,2,9,0.222222,-55.5556
Pingree,P000597,D,ME,0,12,0.0,-100.0,0,15,0.0,-100.0,0,12,0.0,-100.0,0,27,0.0,-100.0,0,11,0.0,-100.0,0,17,0.0,-100.0,0,19,0.0,-100.0,0,24,0.0,-100.0,0,26,0.0,-100.0,0,10,0.0,-100.0,0,23,0.0,-100.0
Pocan,P000607,D,WI,0,12,0.0,-100.0,0,14,0.0,-100.0,0,12,0.0,-100.0,0,25,0.0,-100.0,0,11,0.0,-100.0,0,20,0.0,-100.0,0,22,0.0,-100.0,1,24,0.041667,-91.6667,2,26,0.076923,-84.6154,0,10,0.0,-100.0,0,23,0.0,-100.0
Porter,P000618,D,CA,0,10,0.0,-100.0,0,7,0.0,-100.0,0,7,0.0,-100.0,0,7,0.0,-100.0,0,9,0.0,-100.0,0,6,0.0,-100.0,0,12,0.0,-100.0,0,12,0.0,-100.0,0,19,0.0,-100.0,0,7,0.0,-100.0,0,9,0.0,-100.0
Posey,P000599,R,FL,10,10,1.0,100.0,7,7,1.0,100.0,7,7,1.0,100.0,8,8,1.0,100.0,9,9,1.0,100.0,6,6,1.0,100.0,12,12,1.0,100.0,13,13,1.0,100.0,18,21,0.857143,71.4286,9,9,1.0,100.0,9,9,1.0,100.0
Pressley,P000617,D,MA,0,12,0.0,-100.0,0,15,0.0,-100.0,0,12,0.0,-100.0,0,27,0.0,-100.0,0,11,0.0,-100.0,3,19,0.157895,-68.4211,0,19,0.0,-100.0,0,24,0.0,-100.0,1,26,0.038462,-92.3077,0,10,0.0,-100.0,2,21,0.095238,-80.9524
Price (NC),P000523,D,NC,0,7,0.0,-100.0,0,6,0.0,-100.0,0,6,0.0,-100.0,0,6,0.0,-100.0,0,7,0.0,-100.0,0,6,0.0,-100.0,0,12,0.0,-100.0,0,11,0.0,-100.0,0,19,0.0,-100.0,0,9,0.0,-100.0,0,7,0.0,-100.0
Quigley,Q000023,D,IL,0,12,0.0,-100.0,0,15,0.0,-100.0,0,12,0.0,-100.0,2,27,0.074074,-85.1852,1,11,0.090909,-81.8182,0,19,0.0,-100.0,0,22,0.0,-100.0,1,24,0.041667,-91.6667,2,26,0.076923,-84.6154,0,10,0.0,-100.0,0,21,0.0,-100.0
Raskin,R000606,D,MD,0,12,0.0,-100.0,0,15,0.0,-100.0,0,12,0.0,-100.0,0,27,0.0,-100.0,0,11,0.0,-100.0,0,20,0.0,-100.0,0,22,0.0,-100.0,0,24,0.0,-100.0,0,26,0.0,-100.0,0,10,0.0,-100.0,0,23,0.0,-100.0
Reschenthaler,R000610,R,PA,9,10,0.9,80.0,12,15,0.8,60.0,12,12,1.0,100.0,25,26,0.961538,92.3077,10,11,0.909091,81.8182,18,20,0.9,80.0,21,22,0.954545,90.9091,22,24,0.916667,83.3333,21,26,0.807692,61.5385,8,10,0.8,60.0,23,23,1.0,100.0
Rice (NY),R000602,D,NY,0,7,0.0,-100.0,0,6,0.0,-100.0,0,6,0.0,-100.0,0,6,0.0,-100.0,0,7,0.0,-100.0,0,6,0.0,-100.0,0,12,0.0,-100.0,0,11,0.0,-100.0,0,19,0.0,-100.0,0,9,0.0,-100.0,0,7,0.0,-100.0
Rice (SC),R000597,R,SC,6,7,0.857143,71.4286,6,6,1.0,100.0,5,5,1.0,100.0,5,6,0.833333,66.6667,5,7,0.714286,42.8571,6,6,1.0,100.0,8,10,0.8,60.0,10,11,0.909091,81.8182,13,19,0.684211,36.8421,7,9,0.777778,55.5556,7,7,1.0,100.0
Rodgers (WA),M001159,R,WA,6,10,0.6,20.0,3,7,0.428571,-14.2857,4,6,0.666667,33.3333,7,8,0.875,75.0,9,9,1.0,100.0,5,6,0.833333,66.6667,10,10,1.0,100.0,12,12,1.0,100.0,16,19,0.842105,68.4211,9,9,1.0,100.0,6,9,0.666667,33.3333
Rogers (AL),R000575,R,AL,10,12,0.833333,66.6667,13,15,0.866667,73.3333,12,12,1.0,100.0,27,27,1.0,100.0,9,11,0.818182,63.6364,20,20,1.0,100.0,20,21,0.952381,90.4762,24,24,1.0,100.0,22,24,0.916667,83.3333,10,10,1.0,100.0,23,23,1.0,100.0
Rogers (KY),R000395,R,KY,7,12,0.583333,16.6667,10,15,0.666667,33.3333,10,12,0.833333,66.6667,23,27,0.851852,70.3704,8,11,0.727273,45.4545,17,20,0.85,70.0,21,22,0.954545,90.9091,20,24,0.833333,66.6667,17,26,0.653846,30.7692,7,10,0.7,40.0,20,23,0.869565,73.913
Rose,R000612,R,TN,9,10,0.9,80.0,15,15,1.0,100.0,8,10,0.8,60.0,27,27,1.0,100.0,11,11,1.0,100.0,19,19,1.0,100.0,21,22,0.954545,90.9091,21,21,1.0,100.0,23,25,0.92,84.0,10,10,1.0,100.0,23,23,1.0,100.0
Rosendale,R000103,R,MT,4,4,1.0,100.0,5,5,1.0,100.0,5,5,1.0,100.0,6,6,1.0,100.0,9,9,1.0,100.0,3,3,1.0,100.0,11,11,1.0,100.0,9,11,0.818182,63.6364,16,18,0.888889,77.7778,9,9,1.0,100.0,4,6,0.666667,33.3333
Ross,R000305,D,NC,0,6,0.0,-100.0,0,13,0.0,-100.0,0,10,0.0,-100.0,0,25,0.0,-100.0,0,11,0.0,-100.0,0,17,0.0,-100.0,0,21,0.0,-100.0,0,22,0.0,-100.0,0,23,0.0,-100.0,0,10,0.0,-100.0,0,20,0.0,-100.0
Rouzer,R000603,R,NC,12,12,1.0,100.0,15,15,1.0,100.0,12,12,1.0,100.0,27,27,1.0,100.0,11,11,1.0,100.0,20,20,1.0,100.0,21,21,1.0,100.0,23,24,0.958333,91.6667,21,26,0.807692,61.5385,10,10,1.0,100.0,21,21,1.0,100.0
Roy,R000614,R,TX,12,12,1.0,100.0,15,15,1.0,100.0,12,12,1.0,100.0,25,27,0.925926,85.1852,9,11,0.818182,63.6364,20,20,1.0,100.0,22,22,1.0,100.0,23,24,0.958333,91.6667,26,26,1.0,100.0,10,10,1.0,100.0,19,23,0.826087,65.2174
Roybal-Allard,R000486,D,CA,0,7,0.0,-100.0,0,6,0.0,-100.0,0,6,0.0,-100.0,0,6,0.0,-100.0,0,7,0.0,-100.0,0,6,0.0,-100.0,0,12,0.0,-100.0,0,11,0.0,-100.0,0,19,0.0,-100.0,0,9,0.0,-100.0,0,7,0.0,-100.0
Ruiz,R000599,D,CA,0,12,0.0,-100.0,2,15,0.133333,-73.3333,1,12,0.083333,-83.3333,2,27,0.074074,-85.1852,1,11,0.090909,-81.8182,0,20,0.0,-100.0,0,22,0.0,-100.0,2,23,0.086957,-82.6087,2,26,0.076923,-84.6154,0,10,0.0,-100.0,2,21,0.095238,-80.9524
Ruppersberger,R000576,D,MD,0,10,0.0,-100.0,0,7,0.0,-100.0,0,7,0.0,-100.0,0,8,0.0,-100.0,0,9,0.0,-100.0,0,6,0.0,-100.0,0,12,0.0,-100.0,1,13,0.076923,-84.6154,0,21,0.0,-100.0,0,9,0.0,-100.0,2,9,0.222222,-55.5556
Rush,R000515,D,IL,0,7,0.0,-100.0,0,6,0.0,-100.0,0,6,0.0,-100.0,0,5,0.0,-100.0,0,7,0.0,-100.0,0,6,0.0,-100.0,0,12,0.0,-100.0,0,11,0.0,-100.0,0,19,0.0,-100.0,0,7,0.0,-100.0,0,7,0.0,-100.0
Rutherford,R000609,R,FL,9,12,0.75,50.0,12,13,0.923077,84.6154,9,11,0.818182,63.6364,20,24,0.833333,66.6667,10,11,0.909091,81.8182,17,20,0.85,70.0,21,22,0.954545,90.9091,18,21,0.857143,71.4286,24,26,0.923077,84.6154,8,10,0.8,60.0,18,20,0.9,80.0
Ryan (NY),R000579,D,NY,3,6,0.5,0.0,3,9,0.333333,-33.3333,1,7,0.142857,-71.4286,4,22,0.181818,-63.6364,1,6,0.166667,-66.6667,0,15,0.0,-100.0,0,15,0.0,-100.0,3,19,0.157895,-68.4211,2,14,0.142857,-71.4286,0,4,0.0,-100.0,4,16,0.25,-50.0
Ryan (OH),R000577,D,OH,0,7,0.0,-100.0,0,6,0.0,-100.0,0,6,0.0,-100.0,0,6,0.0,-100.0,0,7,0.0,-100.0,0,6,0.0,-100.0,0,12,0.0,-100.0,0,11,0.0,-100.0,0,16,0.0,-100.0,0,9,0.0,-100.0,0,7,0.0,-100.0
Salazar,S000168,R,FL,5,6,0.833333,66.6667,10,12,0.833333,66.6667,9,9,1.0,100.0,23,23,1.0,100.0,6,11,0.545455,9.0909,15,16,0.9375,87.5,15,17,0.882353,76.4706,17,20,0.85,70.0,15,21,0.714286,42.8571,8,10,0.8,60.0,16,18,0.888889,77.7778
Sánchez,S001156,D,CA,0,10,0.0,-100.0,0,15,0.0,-100.0,0,12,0.0,-100.0,0,27,0.0,-100.0,0,11,0.0,-100.0,0,20,0.0,-100.0,0,22,0.0,-100.0,0,24,0.0,-100.0,0,26,0.0,-100.0,0,10,0.0,-100.0,0,22,0.0,-100.0
Sarbanes,S001168,D,MD,0,10,0.0,-100.0,0,7,0.0,-100.0,0,7,0.0,-100.0,0,8,0.0,-100.0,0,9,0.0,-100.0,0,6,0.0,-100.0,0,12,0.0,-100.0,0,13,0.0,-100.0,0,21,0.0,-100.0,0,9,0.0,-100.0,0,9,0.0,-100.0
Scalise,S001176,R,LA,11,12,0.916667,83.3333,13,15,0.866667,73.3333,12,12,1.0,100.0,27,27,1.0,100.0,11,11,1.0,100.0,19,20,0.95,90.0,21,22,0.954545,90.9091,23,23,1.0,100.0,21,26,0.807692,61.5385,10,10,1.0,100.0,19,21,0.904762,80.9524
Scanlon,S001205,D,PA,0,12,0.0,-100.0,0,15,0.0,-100.0,0,12,0.0,-100.0,0,27,0.0,-100.0,0,11,0.0,-100.0,0,20,0.0,-100.0,0,22,0.0,-100.0,0,24,0.0,-100.0,0,26,0.0,-100.0,0,10,0.0,-100.0,0,23,0.0,-100.0
Schakowsky,S001145,D,IL,0,12,0.0,-100.0,0,15,0.0,-100.0,0,12,0.0,-100.0,0,27,0.0,-100.0,0,11,0.0,-100.0,0,17,0.0,-100.0,0,19,0.0,-100.0,0,24,0.0,-100.0,0,26,0.0,-100.0,0,10,0.0,-100.0,0,23,0.0,-100.0
Schiff,S001150,D,CA,0,10,0.0,-100.0,0,7,0.0,-100.0,0,7,0.0,-100.0,0,8,0.0,-100.0,0,9,0.0,-100.0,0,6,0.0,-100.0,0,12,0.0,-100.0,0,12,0.0,-100.0,0,21,0.0,-100.0,0,9,0.0,-100.0,0,7,0.0,-100.0
Schneider,S001190,D,IL,0,12,0.0,-100.0,2,15,0.133333,-73.3333,1,12,0.083333,-83.3333,2,27,0.074074,-85.1852,1,11,0.090909,-81.8182,0,17,0.0,-100.0,0,22,0.0,-100.0,1,24,0.041667,-91.6667,2,26,0.076923,-84.6154,0,10,0.0,-100.0,0,23,0.0,-100.0
Schrader,S001180,D,OR,0,7,0.0,-100.0,0,6,0.0,-100.0,0,5,0.0,-100.0,0,4,0.0,-100.0,2,7,0.285714,-42.8571,0,6,0.0,-100.0,0,10,0.0,-100.0,0,10,0.0,-100.0,1,19,0.052632,-89.4737,0,9,0.0,-100.0,0,7,0.0,-100.0
Schrier,S001216,D,WA,0,12,0.0,-100.0,1,15,0.066667,-86.6667,0,12,0.0,-100.0,4,27,0.148148,-70.3704,2,11,0.181818,-63.6364,3,20,0.15,-70.0,0,22,0.0,-100.0,2,24,0.083333,-83.3333,2,26,0.076923,-84.6154,0,10,0.0,-100.0,4,23,0.173913,-65.2174
Schweikert,S001183,R,AZ,11,12,0.916667,83.3333,15,15,1.0,100.0,9,11,0.818182,63.6364,27,27,1.0,100.0,10,11,0.909091,81.8182,20,20,1.0,100.0,22,22,1.0,100.0,24,24,1.0,100.0,23,26,0.884615,76.9231,10,10,1.0,100.0,19,21,0.904762,80.9524
Scott (VA),S000185,D,VA,0,12,0.0,-100.0,0,15,0.0,-100.0,0,12,0.0,-100.0,0,27,0.0,-100.0,0,11,0.0,-100.0,0,20,0.0,-100.0,0,22,0.0,-100.0,1,24,0.041667,-91.6667,0,26,0.0,-100.0,0,10,0.0,-100.0,2,23,0.086957,-82.6087
"Scott, Austin",S001189,R,GA,8,10,0.8,60.0,13,15,0.866667,73.3333,10,12,0.833333,66.6667,24,26,0.923077,84.6154,10,11,0.909091,81.8182,20,20,1.0,100.0,22,22,1.0,100.0,22,22,1.0,100.0,26,26,1.0,100.0,10,10,1.0,100.0,22,22,1.0,100.0
"Scott, David",S001157,D,GA,0,12,0.0,-100.0,0,15,0.0,-100.0,0,12,0.0,-100.0,0,27,0.0,-100.0,1,11,0.090909,-81.8182,0,20,0.0,-100.0,0,22,0.0,-100.0,1,24,0.041667,-91.6667,2,26,0.076923,-84.6154,0,10,0.0,-100.0,2,23,0.086957,-82.6087
Sempolinski,S001219,R,NY,1,1,1.0,100.0,0,0,0.0,0.0,1,1,1.0,100.0,1,1,1.0,100.0,2,2,1.0,100.0,1,1,1.0,100.0,5,5,1.0,100.0,5,6,0.833333,66.6667,2,7,0.285714,-42.8571,3,3,1.0,100.0,0,0,0.0,0.0
Sessions,S000250,R,TX,6,6,1.0,100.0,13,13,1.0,100.0,10,10,1.0,100.0,25,25,1.0,100.0,11,11,1.0,100.0,17,17,1.0,100.0,21,21,1.0,100.0,22,22,1.0,100.0,23,23,1.0,100.0,10,10,1.0,100.0,20,20,1.0,100.0
Sewell,S001185,D,AL,0,12,0.0,-100.0,0,15,0.0,-100.0,0,12,0.0,-100.0,2,25,0.08,-84.0,2,11,0.181818,-63.6364,3,20,0.15,-70.0,0,22,0.0,-100.0,3,23,0.130435,-73.913,2,26,0.076923,-84.6154,0,10,0.0,-100.0,6,23,0.26087,-47.8261
Sherman,S000344,D,CA,0,12,0.0,-100.0,0,15,0.0,-100.0,0,12,0.0,-100.0,0,27,0.0,-100.0,0,11,0.0,-100.0,0,20,0.0,-100.0,0,22,0.0,-100.0,0,24,0.0,-100.0,0,26,0.0,-100.0,0,10,0.0,-100.0,0,23,0.0,-100.0
Sherrill,S001207,D,NJ,3,12,0.25,-50.0,3,12,0.25,-50.0,1,9,0.111111,-77.7778,4,19,0.210526,-57.8947,1,10,0.1,-80.0,0,16,0.0,-100.0,0,19,0.0,-100.0,2,20,0.1,-80.0,2,23,0.086957,-82.6087,0,10,0.0,-100.0,2,18,0.111111,-77.7778
Simpson,S001148,R,ID,7,11,0.636364,27.2727,10,13,0.769231,53.8462,9,12,0.75,50.0,23,27,0.851852,70.3704,8,11,0.727273,45.4545,15,20,0.75,50.0,19,22,0.863636,72.7273,20,24,0.833333,66.6667,18,26,0.692308,38.4615,8,10,0.8,60.0,20,23,0.869565,73.913
Sires,S001165,D,NJ,0,7,0.0,-100.0,0,6,0.0,-100.0,0,6,0.0,-100.0,0,6,0.0,-100.0,0,7,0.0,-100.0,0,6,0.0,-100.0,0,12,0.0,-100.0,0,11,0.0,-100.0,0,19,0.0,-100.0,0,9,0.0,-100.0,0,7,0.0,-100.0
Slotkin,S001208,D,MI,0,10,0.0,-100.0,1,7,0.142857,-71.4286,0,7,0.0,-100.0,2,8,0.25,-50.0,0,9,0.0,-100.0,0,6,0.0,-100.0,0,12,0.0,-100.0,2,13,0.153846,-69.2308,2,21,0.095238,-80.9524,0,9,0.0,-100.0,2,9,0.222222,-55.5556
Smith (MO),S001195,R,MO,12,12,1.0,100.0,15,15,1.0,100.0,12,12,1.0,100.0,27,27,1.0,100.0,11,11,1.0,100.0,20,20,1.0,100.0,22,22,1.0,100.0,23,23,1.0,100.0,23,26,0.884615,76.9231,10,10,1.0,100.0,21,21,1.0,100.0
Smith (NE),S001172,R,NE,12,12,1.0,100.0,15,15,1.0,100.0,12,12,1.0,100.0,26,27,0.962963,92.5926,11,11,1.0,100.0,20,20,1.0,100.0,22,22,1.0,100.0,22,24,0.916667,83.3333,23,26,0.884615,76.9231,10,10,1.0,100.0,23,23,1.0,100.0
Smith (NJ),S000522,R,NJ,5,12,0.416667,-16.6667,11,15,0.733333,46.6667,10,12,0.833333,66.6667,25,27,0.925926,85.1852,9,11,0.818182,63.6364,17,20,0.85,70.0,21,22,0.954545,90.9091,21,24,0.875,75.0,18,26,0.692308,38.4615,10,10,1.0,100.0,19,23,0.826087,65.2174
Smith (WA),S000510,D,WA,0,11,0.0,-100.0,0,13,0.0,-100.0,0,12,0.0,-100.0,0,27,0.0,-100.0,0,11,0.0,-100.0,0,20,0.0,-100.0,0,22,0.0,-100.0,1,24,0.041667,-91.6667,2,26,0.076923,-84.6154,0,10,0.0,-100.0,0,23,0.0,-100.0
Smucker,S001199,R,PA,8,12,0.666667,33.3333,13,15,0.866667,73.3333,10,12,0.833333,66.6667,26,27,0.962963,92.5926,11,11,1.0,100.0,19,19,1.0,100.0,20,20,1.0,100.0,24,24,1.0,100.0,23,26,0.884615,76.9231,10,10,1.0,100.0,23,23,1.0,100.0
Soto,S001200,D,FL,0,12,0.0,-100.0,2,14,0.142857,-71.4286,1,12,0.083333,-83.3333,2,25,0.08,-84.0,1,11,0.090909,-81.8182,0,20,0.0,-100.0,0,22,0.0,-100.0,3,24,0.125,-75.0,2,26,0.076923,-84.6154,0,10,0.0,-100.0,4,23,0.173913,-65.2174
Spanberger,S001209,D,VA,3,10,0.3,-40.0,0,7,0.0,-100.0,0,7,0.0,-100.0,0,8,0.0,-100.0,0,9,0.0,-100.0,0,6,0.0,-100.0,0,12,0.0,-100.0,1,13,0.076923,-84.6154,2,21,0.095238,-80.9524,0,9,0.0,-100.0,0,9,0.0,-100.0
Spartz,S000929,R,IN,6,6,1.0,100.0,13,13,1.0,100.0,9,9,1.0,100.0,24,24,1.0,100.0,10,11,0.909091,81.8182,17,17,1.0,100.0,19,19,1.0,100.0,22,22,1.0,100.0,20,23,0.869565,73.913,8,8,1.0,100.0,18,20,0.9,80.0
Speier,S001175,D,CA,0,7,0.0,-100.0,0,6,0.0,-100.0,0,6,0.0,-100.0,0,6,0.0,-100.0,0,7,0.0,-100.0,0,6,0.0,-100.0,0,12,0.0,-100.0,0,11,0.0,-100.0,0,19,0.0,-100.0,0,9,0.0,-100.0,0,7,0.0,-100.0
Stansbury,S001218,D,NM,0,6,0.0,-100.0,0,13,0.0,-100.0,0,9,0.0,-100.0,0,25,0.0,-100.0,0,11,0.0,-100.0,0,14,0.0,-100.0,0,16,0.0,-100.0,0,19,0.0,-100.0,0,20,0.0,-100.0,0,10,0.0,-100.0,0,20,0.0,-100.0
Stanton,S001211,D,AZ,0,12,0.0,-100.0,3,15,0.2,-60.0,1,12,0.083333,-83.3333,4,25,0.16,-68.0,1,11,0.090909,-81.8182,3,20,0.15,-70.0,0,22,0.0,-100.0,2,24,0.083333,-83.3333,2,26,0.076923,-84.6154,0,9,0.0,-100.0,2,23,0.086957,-82.6087
Stauber,S001212,R,MN,10,12,0.833333,66.6667,13,15,0.866667,73.3333,10,12,0.833333,66.6667,26,27,0.962963,92.5926,11,11,1.0,100.0,19,20,0.95,90.0,22,22,1.0,100.0,20,24,0.833333,66.6667,22,26,0.846154,69.2308,10,10,1.0,100.0,21,23,0.913043,82.6087
Steel,S001135,R,CA,3,4,0.75,50.0,5,5,1.0,100.0,5,5,1.0,100.0,6,6,1.0,100.0,7,9,0.777778,55.5556,3,3,1.0,100.0,11,11,1.0,100.0,10,10,1.0,100.0,15,18,0.833333,66.6667,9,9,1.0,100.0,4,4,1.0,100.0
Stefanik,S001196,R,NY,4,10,0.4,-20.0,13,15,0.866667,73.3333,10,12,0.833333,66.6667,25,27,0.925926,85.1852,11,11,1.0,100.0,14,17,0.823529,64.7059,18,19,0.947368,89.4737,19,21,0.904762,80.9524,18,24,0.75,50.0,10,10,1.0,100.0,19,22,0.863636,72.7273
Steil,S001213,R,WI,11,12,0.916667,83.3333,13,15,0.866667,73.3333,12,12,1.0,100.0,27,27,1.0,100.0,11,11,1.0,100.0,19,20,0.95,90.0,21,22,0.954545,90.9091,24,24,1.0,100.0,24,26,0.923077,84.6154,10,10,1.0,100.0,21,23,0.913043,82.6087
Steube,S001214,R,FL,9,9,1.0,100.0,14,14,1.0,100.0,11,11,1.0,100.0,23,25,0.92,84.0,10,11,0.909091,81.8182,18,19,0.947368,89.4737,18,18,1.0,100.0,23,24,0.958333,91.6667,26,26,1.0,100.0,10,10,1.0,100.0,19,23,0.826087,65.2174
Stevens,S001215,D,MI,0,12,0.0,-100.0,2,15,0.133333,-73.3333,1,12,0.083333,-83.3333,2,27,0.074074,-85.1852,1,11,0.090909,-81.8182,0,20,0.0,-100.0,0,22,0.0,-100.0,0,24,0.0,-100.0,0,26,0.0,-100.0,0,10,0.0,-100.0,0,23,0.0,-100.0
Stewart,S001192,R,UT,8,8,1.0,100.0,7,7,1.0,100.0,6,7,0.857143,71.4286,7,7,1.0,100.0,8,9,0.888889,77.7778,5,6,0.833333,66.6667,10,12,0.833333,66.6667,11,11,1.0,100.0,16,19,0.842105,68.4211,7,9,0.777778,55.5556,5,7,0.714286,42.8571
Strickland,S001159,D,WA,0,6,0.0,-100.0,2,13,0.153846,-69.2308,1,10,0.1,-80.0,2,25,0.08,-84.0,1,11,0.090909,-81.8182,0,17,0.0,-100.0,0,21,0.0,-100.0,2,22,0.090909,-81.8182,2,23,0.086957,-82.6087,0,10,0.0,-100.0,2,20,0.1,-80.0
Suozzi,S001201,D,NY,0,9,0.0,-100.0,2,13,0.153846,-69.2308,1,11,0.090909,-81.8182,7,25,0.28,-44.0,1,9,0.111111,-77.7778,4,18,0.222222,-55.5556,2,22,0.090909,-81.8182,5,24,0.208333,-58.3333,2,26,0.076923,-84.6154,0,10,0.0,-100.0,5,23,0.217391,-56.5217
Swalwell,S001193,D,CA,0,12,0.0,-100.0,2,11,0.181818,-63.6364,1,11,0.090909,-81.8182,2,17,0.117647,-76.4706,1,11,0.090909,-81.8182,0,19,0.0,-100.0,0,21,0.0,-100.0,0,20,0.0,-100.0,0,22,0.0,-100.0,0,10,0.0,-100.0,0,16,0.0,-100.0
Takano,T000472,D,CA,0,12,0.0,-100.0,0,13,0.0,-100.0,0,11,0.0,-100.0,0,27,0.0,-100.0,0,11,0.0,-100.0,0,20,0.0,-100.0,0,22,0.0,-100.0,0,24,0.0,-100.0,0,26,0.0,-100.0,0,10,0.0,-100.0,0,23,0.0,-100.0
Taylor,T000479,R,TX,4,7,0.571429,14.2857,6,6,1.0,100.0,4,6,0.666667,33.3333,5,6,0.833333,66.6667,7,7,1.0,100.0,6,6,1.0,100.0,12,12,1.0,100.0,11,11,1.0,100.0,19,19,1.0,100.0,9,9,1.0,100.0,7,7,1.0,100.0
Tenney,T000478,R,NY,6,6,1.0,100.0,13,13,1.0,100.0,10,10,1.0,100.0,25,25,1.0,100.0,11,11,1.0,100.0,17,17,1.0,100.0,21,21,1.0,100.0,21,22,0.954545,90.9091,21,23,0.913043,82.6087,10,10,1.0,100.0,20,20,1.0,100.0
Thompson (CA),T000460,D,CA,0,12,0.0,-100.0,1,15,0.066667,-86.6667,0,12,0.0,-100.0,4,27,0.148148,-70.3704,1,11,0.090909,-81.8182,0,20,0.0,-100.0,0,22,0.0,-100.0,1,24,0.041667,-91.6667,0,26,0.0,-100.0,0,10,0.0,-100.0,2,23,0.086957,-82.6087
Thompson (MS),T000193,D,MS,0,12,0.0,-100.0,0,15,0.0,-100.0,0,12,0.0,-100.0,0,26,0.0,-100.0,0,11,0.0,-100.0,0,20,0.0,-100.0,0,21,0.0,-100.0,2,22,0.090909,-81.8182,0,24,0.0,-100.0,0,10,0.0,-100.0,4,23,0.173913,-65.2174
Thompson (PA),T000467,R,PA,9,12,0.75,50.0,11,15,0.733333,46.6667,10,12,0.833333,66.6667,22,25,0.88,76.0,9,11,0.818182,63.6364,18,19,0.947368,89.4737,18,19,0.947368,89.4737,20,23,0.869565,73.913,19,24,0.791667,58.3333,10,10,1.0,100.0,20,23,0.869565,73.913
Tiffany,T000165,R,WI,9,9,1.0,100.0,13,13,1.0,100.0,12,12,1.0,100.0,26,26,1.0,100.0,11,11,1.0,100.0,17,17,1.0,100.0,21,21,1.0,100.0,20,20,1.0,100.0,22,22,1.0,100.0,10,10,1.0,100.0,20,20,1.0,100.0
Timmons,T000480,R,SC,11,11,1.0,100.0,15,15,1.0,100.0,10,10,1.0,100.0,26,26,1.0,100.0,10,11,0.909091,81.8182,18,18,1.0,100.0,22,22,1.0,100.0,24,24,1.0,100.0,25,25,1.0,100.0,10,10,1.0,100.0,19,21,0.904762,80.9524
Titus,T000468,D,NV,0,12,0.0,-100.0,0,15,0.0,-100.0,0,12,0.0,-100.0,2,27,0.074074,-85.1852,1,11,0.090909,-81.8182,3,19,0.157895,-68.4211,0,20,0.0,-100.0,1,24,0.041667,-91.6667,2,26,0.076923,-84.6154,0,10,0.0,-100.0,0,23,0.0,-100.0
Tlaib,T000481,D,MI,1,12,0.083333,-83.3333,1,15,0.066667,-86.6667,2,11,0.181818,-63.6364,0,27,0.0,-100.0,2,11,0.181818,-63.6364,3,20,0.15,-70.0,0,20,0.0,-100.0,1,21,0.047619,-90.4762,3,26,0.115385,-76.9231,0,10,0.0,-100.0,2,23,0.086957,-82.6087
Tonko,T000469,D,NY,0,12,0.0,-100.0,0,15,0.0,-100.0,0,12,0.0,-100.0,0,27,0.0,-100.0,0,11,0.0,-100.0,0,20,0.0,-100.0,0,22,0.0,-100.0,1,23,0.043478,-91.3043,0,24,0.0,-100.0,0,10,0.0,-100.0,2,23,0.086957,-82.6087
Torres (CA),T000474,D,CA,0,12,0.0,-100.0,0,15,0.0,-100.0,0,11,0.0,-100.0,0,27,0.0,-100.0,0,11,0.0,-100.0,0,20,0.0,-100.0,0,20,0.0,-100.0,3,24,0.125,-75.0,4,26,0.153846,-69.2308,0,10,0.0,-100.0,2,23,0.086957,-82.6087
Torres (NY),T000486,D,NY,0,6,0.0,-100.0,2,13,0.153846,-69.2308,1,10,0.1,-80.0,2,25,0.08,-84.0,1,11,0.090909,-81.8182,3,17,0.176471,-64.7059,0,21,0.0,-100.0,0,21,0.0,-100.0,0,19,0.0,-100.0,0,10,0.0,-100.0,0,20,0.0,-100.0
Trahan,T000482,D,MA,0,12,0.0,-100.0,0,15,0.0,-100.0,0,12,0.0,-100.0,2,27,0.074074,-85.1852,1,11,0.090909,-81.8182,0,20,0.0,-100.0,0,22,0.0,-100.0,0,23,0.0,-100.0,0,24,0.0,-100.0,0,10,0.0,-100.0,0,23,0.0,-100.0
Trone,T000483,D,MD,0,10,0.0,-100.0,0,7,0.0,-100.0,0,6,0.0,-100.0,0,8,0.0,-100.0,0,7,0.0,-100.0,0,6,0.0,-100.0,0,10,0.0,-100.0,2,13,0.153846,-69.2308,2,21,0.095238,-80.9524,0,9,0.0,-100.0,2,8,0.25,-50.0
Turner,T000463,R,OH,9,12,0.75,50.0,10,15,0.666667,33.3333,9,12,0.75,50.0,23,27,0.851852,70.3704,8,11,0.727273,45.4545,17,20,0.85,70.0,15,22,0.681818,36.3636,20,24,0.833333,66.6667,21,26,0.807692,61.5385,4,10,0.4,-20.0,18,23,0.782609,56.5217
Underwood,U000040,D,IL,0,12,0.0,-100.0,0,15,0.0,-100.0,0,12,0.0,-100.0,0,27,0.0,-100.0,0,11,0.0,-100.0,0,20,0.0,-100.0,0,22,0.0,-100.0,0,24,0.0,-100.0,0,26,0.0,-100.0,0,10,0.0,-100.0,0,23,0.0,-100.0
Upton,U000031,R,MI,2,7,0.285714,-42.8571,1,6,0.166667,-66.6667,3,6,0.5,0.0,3,6,0.5,0.0,3,7,0.428571,-14.2857,3,6,0.5,0.0,3,12,0.25,-50.0,5,11,0.454545,-9.0909,9,19,0.473684,-5.2632,4,9,0.444444,-11.1111,3,7,0.428571,-14.2857
Valadao,V000129,R,CA,5,6,0.833333,66.6667,11,13,0.846154,69.2308,9,10,0.9,80.0,24,24,1.0,100.0,8,11,0.727273,45.4545,17,17,1.0,100.0,19,21,0.904762,80.9524,21,22,0.954545,90.9091,18,23,0.782609,56.5217,6,8,0.75,50.0,19,20,0.95,90.0
Van Drew,V000133,R,NJ,6,12,0.5,0.0,13,15,0.866667,73.3333,10,12,0.833333,66.6667,25,27,0.925926,85.1852,9,11,0.818182,63.6364,17,20,0.85,70.0,21,22,0.954545,90.9091,21,24,0.875,75.0,21,26,0.807692,61.5385,10,10,1.0,100.0,19,23,0.826087,65.2174
Van Duyne,V000134,R,TX,6,6,1.0,100.0,13,13,1.0,100.0,10,10,1.0,100.0,25,25,1.0,100.0,11,11,1.0,100.0,17,17,1.0,100.0,21,21,1.0,100.0,21,22,0.954545,90.9091,21,23,0.913043,82.6087,10,10,1.0,100.0,20,20,1.0,100.0
Vargas,V000130,D,CA,0,10,0.0,-100.0,0,15,0.0,-100.0,0,12,0.0,-100.0,0,24,0.0,-100.0,0,11,0.0,-100.0,3,20,0.15,-70.0,1,19,0.052632,-89.4737,1,22,0.045455,-90.9091,5,26,0.192308,-61.5385,0,8,0.0,-100.0,2,23,0.086957,-82.6087
Veasey,V000131,D,TX,0,12,0.0,-100.0,3,15,0.2,-60.0,1,12,0.083333,-83.3333,4,27,0.148148,-70.3704,2,11,0.181818,-63.6364,2,20,0.1,-80.0,1,22,0.045455,-90.9091,2,24,0.083333,-83.3333,2,26,0.076923,-84.6154,0,10,0.0,-100.0,4,23,0.173913,-65.2174
Velázquez,V000081,D,NY,0,10,0.0,-100.0,0,15,0.0,-100.0,0,12,0.0,-100.0,0,27,0.0,-100.0,0,11,0.0,-100.0,1,20,0.05,-90.0,0,22,0.0,-100.0,0,24,0.0,-100.0,0,26,0.0,-100.0,0,10,0.0,-100.0,2,22,0.090909,-81.8182
Wagner,W000812,R,MO,8,10,0.8,60.0,13,15,0.866667,73.3333,10,12,0.833333,66.6667,23,26,0.884615,76.9231,11,11,1.0,100.0,19,20,0.95,90.0,21,22,0.954545,90.9091,19,23,0.826087,65.2174,17,24,0.708333,41.6667,10,10,1.0,100.0,21,23,0.913043,82.6087
Walberg,W000798,R,MI,11,12,0.916667,83.3333,13,15,0.866667,73.3333,12,12,1.0,100.0,24,27,0.888889,77.7778,11,11,1.0,100.0,20,20,1.0,100.0,22,22,1.0,100.0,21,24,0.875,75.0,26,26,1.0,100.0,10,10,1.0,100.0,23,23,1.0,100.0
Waltz,W000823,R,FL,7,10,0.7,40.0,5,7,0.714286,42.8571,7,7,1.0,100.0,7,8,0.875,75.0,9,9,1.0,100.0,4,5,0.8,60.0,12,12,1.0,100.0,11,11,1.0,100.0,18,21,0.857143,71.4286,9,9,1.0,100.0,7,9,0.777778,55.5556
Wasserman Schultz,W000797,D,FL,0,11,0.0,-100.0,0,13,0.0,-100.0,0,12,0.0,-100.0,2,24,0.083333,-83.3333,1,11,0.090909,-81.8182,0,20,0.0,-100.0,0,19,0.0,-100.0,1,22,0.045455,-90.9091,2,26,0.076923,-84.6154,0,10,0.0,-100.0,0,19,0.0,-100.0
Waters,W000187,D,CA,0,12,0.0,-100.0,0,15,0.0,-100.0,0,10,0.0,-100.0,0,27,0.0,-100.0,0,11,0.0,-100.0,0,16,0.0,-100.0,0,22,0.0,-100.0,0,24,0.0,-100.0,0,23,0.0,-100.0,0,10,0.0,-100.0,0,23,0.0,-100.0
Watson Coleman,W000822,D,NJ,0,12,0.0,-100.0,0,15,0.0,-100.0,0,12,0.0,-100.0,0,25,0.0,-100.0,0,11,0.0,-100.0,0,19,0.0,-100.0,0,22,0.0,-100.0,0,24,0.0,-100.0,0,26,0.0,-100.0,0,10,0.0,-100.0,0,23,0.0,-100.0
Weber (TX),W000814,R,TX,12,12,1.0,100.0,15,15,1.0,100.0,12,12,1.0,100.0,24,24,1.0,100.0,11,11,1.0,100.0,20,20,1.0,100.0,19,19,1.0,100.0,24,24,1.0,100.0,26,26,1.0,100.0,10,10,1.0,100.0,23,23,1.0,100.0
Webster (FL),W000806,R,FL,12,12,1.0,100.0,15,15,1.0,100.0,12,12,1.0,100.0,27,27,1.0,100.0,11,11,1.0,100.0,20,20,1.0,100.0,22,22,1.0,100.0,23,24,0.958333,91.6667,24,26,0.923077,84.6154,10,10,1.0,100.0,23,23,1.0,100.0
Welch,W000800,D,VT,0,7,0.0,-100.0,0,6,0.0,-100.0,0,6,0.0,-100.0,0,6,0.0,-100.0,0,7,0.0,-100.0,0,6,0.0,-100.0,0,12,0.0,-100.0,0,11,0.0,-100.0,0,16,0.0,-100.0,0,9,0.0,-100.0,0,7,0.0,-100.0
Wenstrup,W000815,R,OH,9,10,0.9,80.0,7,7,1.0,100.0,7,7,1.0,100.0,8,8,1.0,100.0,7,9,0.777778,55.5556,5,6,0.833333,66.6667,12,12,1.0,100.0,13,13,1.0,100.0,21,21,1.0,100.0,9,9,1.0,100.0,7,9,0.777778,55.5556
Westerman,W000821,R,AR,10,12,0.833333,66.6667,13,15,0.866667,73.3333,10,12,0.833333,66.6667,27,27,1.0,100.0,11,11,1.0,100.0,20,20,1.0,100.0,22,22,1.0,100.0,23,23,1.0,100.0,24,24,1.0,100.0,10,10,1.0,100.0,23,23,1.0,100.0
Wexton,W000825,D,VA,0,10,0.0,-100.0,0,7,0.0,-100.0,0,6,0.0,-100.0,0,8,0.0,-100.0,0,7,0.0,-100.0,0,6,0.0,-100.0,0,12,0.0,-100.0,0,11,0.0,-100.0,0,19,0.0,-100.0,0,9,0.0,-100.0,0,7,0.0,-100.0
Wild,W000826,D,PA,0,10,0.0,-100.0,0,7,0.0,-100.0,0,7,0.0,-100.0,0,8,0.0,-100.0,0,9,0.0,-100.0,0,6,0.0,-100.0,0,12,0.0,-100.0,2,13,0.153846,-69.2308,2,21,0.095238,-80.9524,0,9,0.0,-100.0,2,9,0.222222,-55.5556
Williams (GA),W000788,D,GA,0,6,0.0,-100.0,0,13,0.0,-100.0,0,10,0.0,-100.0,0,25,0.0,-100.0,0,11,0.0,-100.0,0,17,0.0,-100.0,0,21,0.0,-100.0,0,22,0.0,-100.0,0,23,0.0,-100.0,0,10,0.0,-100.0,0,20,0.0,-100.0
Williams (TX),W000816,R,TX,11,12,0.916667,83.3333,13,13,1.0,100.0,12,12,1.0,100.0,27,27,1.0,100.0,9,11,0.818182,63.6364,16,16,1.0,100.0,22,22,1.0,100.0,24,24,1.0,100.0,26,26,1.0,100.0,10,10,1.0,100.0,23,23,1.0,100.0
Wilson (FL),W000808,D,FL,0,10,0.0,-100.0,0,15,0.0,-100.0,0,11,0.0,-100.0,0,26,0.0,-100.0,0,11,0.0,-100.0,0,20,0.0,-100.0,0,20,0.0,-100.0,1,24,0.041667,-91.6667,0,26,0.0,-100.0,0,10,0.0,-100.0,2,20,0.1,-80.0
Wilson (SC),W000795,R,SC,10,12,0.833333,66.6667,13,15,0.866667,73.3333,10,12,0.833333,66.6667,26,27,0.962963,92.5926,11,11,1.0,100.0,20,20,1.0,100.0,22,22,1.0,100.0,22,24,0.916667,83.3333,26,26,1.0,100.0,10,10,1.0,100.0,23,23,1.0,100.0
Wittman,W000804,R,VA,10,12,0.833333,66.6667,13,15,0.866667,73.3333,8,10,0.8,60.0,27,27,1.0,100.0,11,11,1.0,100.0,18,19,0.947368,89.4737,22,22,1.0,100.0,24,24,1.0,100.0,23,26,0.884615,76.9231,10,10,1.0,100.0,21,23,0.913043,82.6087
Womack,W000809,R,AR,10,12,0.833333,66.6667,10,13,0.769231,53.8462,11,11,1.0,100.0,21,24,0.875,75.0,8,11,0.727273,45.4545,17,20,0.85,70.0,18,22,0.818182,63.6364,15,22,0.681818,36.3636,15,24,0.625,25.0,7,10,0.7,40.0,20,22,0.909091,81.8182
Yakym,Y000067,R,IN,6,6,1.0,100.0,9,9,1.0,100.0,7,7,1.0,100.0,21,21,1.0,100.0,6,6,1.0,100.0,15,15,1.0,100.0,15,15,1.0,100.0,18,19,0.947368,89.4737,10,12,0.833333,66.6667,1,1,1.0,100.0,16,16,1.0,100.0
Yarmuth,Y000062,D,KY,0,7,0.0,-100.0,0,6,0.0,-100.0,0,6,0.0,-100.0,0,6,0.0,-100.0,0,7,0.0,-100.0,0,6,0.0,-100.0,0,12,0.0,-100.0,0,11,0.0,-100.0,0,19,0.0,-100.0,0,9,0.0,-100.0,0,7,0.0,-100.0
Zeldin,Z000017,R,NY,5,7,0.714286,42.8571,4,6,0.666667,33.3333,3,5,0.6,20.0,6,6,1.0,100.0,7,7,1.0,100.0,6,6,1.0,100.0,8,8,1.0,100.0,11,11,1.0,100.0,16,16,1.0,100.0,8,8,1.0,100.0,7,7,1.0,100.0
Alford,A000379,R,MO,5,5,1.0,100.0,9,9,1.0,100.0,6,6,1.0,100.0,21,21,1.0,100.0,4,4,1.0,100.0,13,13,1.0,100.0,8,8,1.0,100.0,11,11,1.0,100.0,7,7,1.0,100.0,1,1,1.0,100.0,15,15,1.0,100.0
Amo,A000380,D,RI,0,2,0.0,-100.0,2,8,0.25,-50.0,1,5,0.2,-60.0,2,19,0.105263,-78.9474,1,2,0.5,0.0,0,14,0.0,-100.0,0,10,0.0,-100.0,0,13,0.0,-100.0,0,7,0.0,-100.0,0,1,0.0,-100.0,0,16,0.0,-100.0
Ansari,A000381,D,AZ,0,2,0.0,-100.0,2,8,0.25,-50.0,1,5,0.2,-60.0,0,19,0.0,-100.0,0,2,0.0,-100.0,0,11,0.0,-100.0,0,7,0.0,-100.0,0,11,0.0,-100.0,0,5,0.0,-100.0,0,1,0.0,-100.0,0,14,0.0,-100.0
Balint,B001318,D,VT,0,5,0.0,-100.0,0,9,0.0,-100.0,0,6,0.0,-100.0,0,21,0.0,-100.0,0,4,0.0,-100.0,0,14,0.0,-100.0,0,10,0.0,-100.0,0,10,0.0,-100.0,0,7,0.0,-100.0,0,1,0.0,-100.0,0,16,0.0,-100.0
Barrett,B001321,R,MI,2,2,1.0,100.0,8,8,1.0,100.0,5,5,1.0,100.0,19,19,1.0,100.0,2,2,1.0,100.0,14,14,1.0,100.0,10,10,1.0,100.0,11,11,1.0,100.0,5,5,1.0,100.0,1,1,1.0,100.0,14,14,1.0,100.0
Baumgartner,B001322,R,WA,2,2,1.0,100.0,8,8,1.0,100.0,5,5,1.0,100.0,19,19,1.0,100.0,2,2,1.0,100.0,14,14,1.0,100.0,10,10,1.0,100.0,11,11,1.0,100.0,5,5,1.0,100.0,1,1,1.0,100.0,14,14,1.0,100.0
Bean (FL),B001314,R,FL,5,5,1.0,100.0,9,9,1.0,100.0,6,6,1.0,100.0,21,21,1.0,100.0,4,4,1.0,100.0,14,14,1.0,100.0,10,10,1.0,100.0,12,13,0.923077,84.6154,5,7,0.714286,42.8571,1,1,1.0,100.0,16,16,1.0,100.0
Begich,B001323,R,AK,2,2,1.0,100.0,8,8,1.0,100.0,5,5,1.0,100.0,19,19,1.0,100.0,2,2,1.0,100.0,14,14,1.0,100.0,10,10,1.0,100.0,11,11,1.0,100.0,5,5,1.0,100.0,1,1,1.0,100.0,14,14,1.0,100.0
Bell,B001324,D,MO,0,2,0.0,-100.0,0,8,0.0,-100.0,0,5,0.0,-100.0,2,19,0.105263,-78.9474,1,2,0.5,0.0,0,14,0.0,-100.0,0,10,0.0,-100.0,0,11,0.0,-100.0,0,5,0.0,-100.0,0,1,0.0,-100.0,0,14,0.0,-100.0
Biggs (SC),B001325,R,SC,2,2,1.0,100.0,8,8,1.0,100.0,5,5,1.0,100.0,19,19,1.0,100.0,2,2,1.0,100.0,14,14,1.0,100.0,10,10,1.0,100.0,11,11,1.0,100.0,5,5,1.0,100.0,1,1,1.0,100.0,14,14,1.0,100.0
Brecheen,B001317,R,OK,5,5,1.0,100.0,9,9,1.0,100.0,6,6,1.0,100.0,21,21,1.0,100.0,3,4,0.75,50.0,14,14,1.0,100.0,10,10,1.0,100.0,13,13,1.0,100.0,7,7,1.0,100.0,1,1,1.0,100.0,14,16,0.875,75.0
Bresnahan,B001327,R,PA,2,2,1.0,100.0,6,6,1.0,100.0,4,4,1.0,100.0,19,19,1.0,100.0,2,2,1.0,100.0,14,14,1.0,100.0,10,10,1.0,100.0,11,11,1.0,100.0,5,5,1.0,100.0,1,1,1.0,100.0,14,14,1.0,100.0
Budzinski,B001315,D,IL,0,5,0.0,-100.0,3,9,0.333333,-33.3333,1,6,0.166667,-66.6667,4,21,0.190476,-61.9048,1,4,0.25,-50.0,3,14,0.214286,-57.1429,0,10,0.0,-100.0,3,13,0.230769,-53.8462,2,7,0.285714,-42.8571,0,1,0.0,-100.0,4,16,0.25,-50.0
Burlison,B001316,R,MO,5,5,1.0,100.0,9,9,1.0,100.0,6,6,1.0,100.0,19,21,0.904762,80.9524,2,4,0.5,0.0,14,14,1.0,100.0,10,10,1.0,100.0,12,13,0.923077,84.6154,7,7,1.0,100.0,1,1,1.0,100.0,12,16,0.75,50.0
Bynum,B001326,D,OR,0,2,0.0,-100.0,2,8,0.25,-50.0,1,5,0.2,-60.0,2,19,0.105263,-78.9474,1,2,0.5,0.0,3,14,0.214286,-57.1429,0,10,0.0,-100.0,3,11,0.272727,-45.4545,0,5,0.0,-100.0,0,1,0.0,-100.0,3,14,0.214286,-57.1429
Casar,C001131,D,TX,0,5,0.0,-100.0,0,7,0.0,-100.0,0,5,0.0,-100.0,0,18,0.0,-100.0,0,4,0.0,-100.0,0,14,0.0,-100.0,0,10,0.0,-100.0,0,10,0.0,-100.0,0,3,0.0,-100.0,0,1,0.0,-100.0,0,15,0.0,-100.0
Ciscomani,C001133,R,AZ,5,5,1.0,100.0,9,9,1.0,100.0,6,6,1.0,100.0,21,21,1.0,100.0,4,4,1.0,100.0,14,14,1.0,100.0,10,10,1.0,100.0,12,12,1.0,100.0,5,5,1.0,100.0,1,1,1.0,100.0,16,16,1.0,100.0
Cisneros,C001123,D,CA,0,8,0.0,-100.0,0,10,0.0,-100.0,0,7,0.0,-100.0,0,21,0.0,-100.0,0,2,0.0,-100.0,0,17,0.0,-100.0,0,11,0.0,-100.0,0,13,0.0,-100.0,0,8,0.0,-100.0,0,1,0.0,-100.0,0,17,0.0,-100.0
Collins,C001129,R,GA,5,5,1.0,100.0,9,9,1.0,100.0,6,6,1.0,100.0,19,19,1.0,100.0,4,4,1.0,100.0,14,14,1.0,100.0,9,9,1.0,100.0,12,13,0.923077,84.6154,5,7,0.714286,42.8571,1,1,1.0,100.0,16,16,1.0,100.0
Conaway,C001136,D,NJ,0,2,0.0,-100.0,0,6,0.0,-100.0,0,4,0.0,-100.0,2,19,0.105263,-78.9474,1,2,0.5,0.0,0,14,0.0,-100.0,0,10,0.0,-100.0,0,11,0.0,-100.0,0,3,0.0,-100.0,0,1,0.0,-100.0,0,14,0.0,-100.0
Crane,C001132,R,AZ,5,5,1.0,100.0,9,9,1.0,100.0,6,6,1.0,100.0,19,21,0.904762,80.9524,2,4,0.5,0.0,14,14,1.0,100.0,10,10,1.0,100.0,12,13,0.923077,84.6154,7,7,1.0,100.0,1,1,1.0,100.0,12,16,0.75,50.0
Crank,C001137,R,CO,2,2,1.0,100.0,8,8,1.0,100.0,5,5,1.0,100.0,19,19,1.0,100.0,2,2,1.0,100.0,14,14,1.0,100.0,10,10,1.0,100.0,11,11,1.0,100.0,5,5,1.0,100.0,1,1,1.0,100.0,14,14,1.0,100.0
Crockett,C001130,D,TX,0,5,0.0,-100.0,0,9,0.0,-100.0,0,6,0.0,-100.0,2,20,0.1,-80.0,1,4,0.25,-50.0,0,14,0.0,-100.0,0,10,0.0,-100.0,0,13,0.0,-100.0,0,7,0.0,-100.0,0,1,0.0,-100.0,0,14,0.0,-100.0
Davis (NC),D000230,D,NC,3,5,0.6,20.0,3,9,0.333333,-33.3333,3,6,0.5,0.0,11,21,0.52381,4.7619,2,4,0.5,0.0,8,14,0.571429,14.2857,6,10,0.6,20.0,10,13,0.769231,53.8462,3,7,0.428571,-14.2857,0,1,0.0,-100.0,7,16,0.4375,-12.5
De La Cruz,D000594,R,TX,2,2,1.0,100.0,7,7,1.0,100.0,5,5,1.0,100.0,21,21,1.0,100.0,4,4,1.0,100.0,14,14,1.0,100.0,10,10,1.0,100.0,10,10,1.0,100.0,7,7,1.0,100.0,1,1,1.0,100.0,16,16,1.0,100.0
Deluzio,D000530,D,PA,0,5,0.0,-100.0,0,9,0.0,-100.0,0,6,0.0,-100.0,0,21,0.0,-100.0,0,4,0.0,-100.0,0,14,0.0,-100.0,0,10,0.0,-100.0,1,13,0.076923,-84.6154,2,7,0.285714,-42.8571,0,1,0.0,-100.0,0,16,0.0,-100.0
Dexter,D000635,D,OR,0,2,0.0,-100.0,0,8,0.0,-100.0,0,5,0.0,-100.0,0,19,0.0,-100.0,0,2,0.0,-100.0,0,14,0.0,-100.0,0,10,0.0,-100.0,0,11,0.0,-100.0,0,5,0.0,-100.0,0,1,0.0,-100.0,0,14,0.0,-100.0
Downing,D000634,R,MT,2,2,1.0,100.0,8,8,1.0,100.0,5,5,1.0,100.0,19,19,1.0,100.0,2,2,1.0,100.0,14,14,1.0,100.0,10,10,1.0,100.0,11,11,1.0,100.0,5,5,1.0,100.0,1,1,1.0,100.0,14,14,1.0,100.0
Edwards,E000246,R,NC,5,5,1.0,100.0,8,8,1.0,100.0,6,6,1.0,100.0,19,19,1.0,100.0,4,4,1.0,100.0,14,14,1.0,100.0,10,10,1.0,100.0,13,13,1.0,100.0,7,7,1.0,100.0,1,1,1.0,100.0,16,16,1.0,100.0
Elfreth,E000301,D,MD,0,2,0.0,-100.0,2,8,0.25,-50.0,1,5,0.2,-60.0,0,19,0.0,-100.0,0,2,0.0,-100.0,0,14,0.0,-100.0,0,10,0.0,-100.0,0,11,0.0,-100.0,0,5,0.0,-100.0,0,1,0.0,-100.0,0,14,0.0,-100.0
Evans (CO),E000300,R,CO,2,2,1.0,100.0,8,8,1.0,100.0,5,5,1.0,100.0,19,19,1.0,100.0,2,2,1.0,100.0,14,14,1.0,100.0,10,10,1.0,100.0,11,11,1.0,100.0,5,5,1.0,100.0,1,1,1.0,100.0,14,14,1.0,100.0
Ezell,E000235,R,MS,5,5,1.0,100.0,9,9,1.0,100.0,6,6,1.0,100.0,21,21,1.0,100.0,4,4,1.0,100.0,14,14,1.0,100.0,10,10,1.0,100.0,13,13,1.0,100.0,7,7,1.0,100.0,1,1,1.0,100.0,16,16,1.0,100.0
Fedorchak,F000482,R,ND,2,2,1.0,100.0,8,8,1.0,100.0,5,5,1.0,100.0,19,19,1.0,100.0,2,2,1.0,100.0,14,14,1.0,100.0,10,10,1.0,100.0,11,11,1.0,100.0,5,5,1.0,100.0,1,1,1.0,100.0,14,14,1.0,100.0
Fields,F000110,D,LA,0,2,0.0,-100.0,2,8,0.25,-50.0,1,5,0.2,-60.0,2,19,0.105263,-78.9474,1,2,0.5,0.0,0,14,0.0,-100.0,0,10,0.0,-100.0,0,11,0.0,-100.0,0,5,0.0,-100.0,0,1,0.0,-100.0,0,14,0.0,-100.0
Figures,F000481,D,AL,0,2,0.0,-100.0,2,8,0.25,-50.0,1,5,0.2,-60.0,2,18,0.111111,-77.7778,1,2,0.5,0.0,3,14,0.214286,-57.1429,0,8,0.0,-100.0,1,11,0.090909,-81.8182,0,5,0.0,-100.0,0,1,0.0,-100.0,2,14,0.142857,-71.4286
Fine,F000484,R,FL,0,0,0.0,0.0,5,5,1.0,100.0,2,2,1.0,100.0,19,19,1.0,100.0,1,2,0.5,0.0,4,4,1.0,100.0,7,7,1.0,100.0,6,6,1.0,100.0,2,2,1.0,100.0,1,1,1.0,100.0,11,13,0.846154,69.2308
Fong,F000480,R,CA,2,2,1.0,100.0,8,8,1.0,100.0,5,5,1.0,100.0,19,19,1.0,100.0,2,2,1.0,100.0,11,11,1.0,100.0,7,7,1.0,100.0,13,13,1.0,100.0,7,7,1.0,100.0,1,1,1.0,100.0,16,16,1.0,100.0
Foushee,F000477,D,NC,0,5,0.0,-100.0,0,9,0.0,-100.0,0,6,0.0,-100.0,0,21,0.0,-100.0,0,4,0.0,-100.0,0,14,0.0,-100.0,0,10,0.0,-100.0,0,13,0.0,-100.0,0,7,0.0,-100.0,0,1,0.0,-100.0,0,16,0.0,-100.0
Friedman,F000483,D,CA,0,2,0.0,-100.0,2,8,0.25,-50.0,1,5,0.2,-60.0,0,19,0.0,-100.0,0,2,0.0,-100.0,0,14,0.0,-100.0,0,10,0.0,-100.0,0,11,0.0,-100.0,0,5,0.0,-100.0,0,1,0.0,-100.0,0,14,0.0,-100.0
Frost,F000476,D,FL,0,5,0.0,-100.0,0,9,0.0,-100.0,0,6,0.0,-100.0,0,21,0.0,-100.0,0,4,0.0,-100.0,0,14,0.0,-100.0,0,10,0.0,-100.0,0,13,0.0,-100.0,0,7,0.0,-100.0,0,1,0.0,-100.0,0,16,0.0,-100.0
Fry,F000478,R,SC,5,5,1.0,100.0,9,9,1.0,100.0,6,6,1.0,100.0,21,21,1.0,100.0,4,4,1.0,100.0,14,14,1.0,100.0,10,10,1.0,100.0,10,11,0.909091,81.8182,5,7,0.714286,42.8571,1,1,1.0,100.0,15,15,1.0,100.0
Garcia (CA),G000598,D,CA,0,5,0.0,-100.0,2,9,0.222222,-55.5556,1,6,0.166667,-66.6667,2,21,0.095238,-80.9524,1,4,0.25,-50.0,0,11,0.0,-100.0,0,7,0.0,-100.0,0,13,0.0,-100.0,0,7,0.0,-100.0,0,1,0.0,-100.0,0,16,0.0,-100.0
Gill (TX),G000603,R,TX,2,2,1.0,100.0,8,8,1.0,100.0,5,5,1.0,100.0,19,19,1.0,100.0,1,2,0.5,0.0,14,14,1.0,100.0,10,10,1.0,100.0,11,11,1.0,100.0,5,5,1.0,100.0,1,1,1.0,100.0,12,14,0.857143,71.4286
Gillen,G000602,D,NY,0,2,0.0,-100.0,2,8,0.25,-50.0,1,5,0.2,-60.0,5,19,0.263158,-47.3684,1,2,0.5,0.0,3,14,0.214286,-57.1429,2,10,0.2,-60.0,3,11,0.272727,-45.4545,0,5,0.0,-100.0,0,1,0.0,-100.0,3,14,0.214286,-57.1429
Goldman (NY),G000599,D,NY,0,5,0.0,-100.0,2,8,0.25,-50.0,1,6,0.166667,-66.6667,2,17,0.117647,-76.4706,1,4,0.25,-50.0,0,13,0.0,-100.0,0,9,0.0,-100.0,0,13,0.0,-100.0,0,7,0.0,-100.0,0,1,0.0,-100.0,0,14,0.0,-100.0
Goldman (TX),G000601,R,TX,2,2,1.0,100.0,8,8,1.0,100.0,5,5,1.0,100.0,19,19,1.0,100.0,2,2,1.0,100.0,14,14,1.0,100.0,10,10,1.0,100.0,11,11,1.0,100.0,5,5,1.0,100.0,1,1,1.0,100.0,14,14,1.0,100.0
Goodlander,G000604,D,NH,0,2,0.0,-100.0,2,8,0.25,-50.0,1,5,0.2,-60.0,2,19,0.105263,-78.9474,1,2,0.5,0.0,3,14,0.214286,-57.1429,0,10,0.0,-100.0,0,11,0.0,-100.0,0,5,0.0,-100.0,0,1,0.0,-100.0,0,14,0.0,-100.0
Gray,G000605,D,CA,2,2,1.0,100.0,3,8,0.375,-25.0,3,5,0.6,20.0,4,19,0.210526,-57.8947,1,2,0.5,0.0,10,14,0.714286,42.8571,3,10,0.3,-40.0,5,11,0.454545,-9.0909,1,5,0.2,-60.0,0,1,0.0,-100.0,1,14,0.071429,-85.7143
Hageman,H001096,R,WY,5,5,1.0,100.0,9,9,1.0,100.0,6,6,1.0,100.0,21,21,1.0,100.0,4,4,1.0,100.0,14,14,1.0,100.0,10,10,1.0,100.0,11,13,0.846154,69.2308,5,7,0.714286,42.8571,1,1,1.0,100.0,14,16,0.875,75.0
Hamadeh (AZ),H001098,R,AZ,2,2,1.0,100.0,7,7,1.0,100.0,5,5,1.0,100.0,17,17,1.0,100.0,2,2,1.0,100.0,14,14,1.0,100.0,10,10,1.0,100.0,11,11,1.0,100.0,5,5,1.0,100.0,1,1,1.0,100.0,14,14,1.0,100.0
Haridopolos,H001099,R,FL,2,2,1.0,100.0,8,8,1.0,100.0,5,5,1.0,100.0,19,19,1.0,100.0,2,2,1.0,100.0,13,13,1.0,100.0,8,8,1.0,100.0,11,11,1.0,100.0,5,5,1.0,100.0,1,1,1.0,100.0,14,14,1.0,100.0
Harrigan,H001101,R,NC,2,2,1.0,100.0,8,8,1.0,100.0,5,5,1.0,100.0,19,19,1.0,100.0,2,2,1.0,100.0,14,14,1.0,100.0,10,10,1.0,100.0,11,11,1.0,100.0,5,5,1.0,100.0,1,1,1.0,100.0,14,14,1.0,100.0
Harris (NC),H001102,R,NC,2,2,1.0,100.0,8,8,1.0,100.0,5,5,1.0,100.0,19,19,1.0,100.0,2,2,1.0,100.0,14,14,1.0,100.0,10,10,1.0,100.0,11,11,1.0,100.0,5,5,1.0,100.0,1,1,1.0,100.0,14,14,1.0,100.0
Houchin,H001093,R,IN,5,5,1.0,100.0,9,9,1.0,100.0,6,6,1.0,100.0,21,21,1.0,100.0,4,4,1.0,100.0,14,14,1.0,100.0,10,10,1.0,100.0,13,13,1.0,100.0,7,7,1.0,100.0,1,1,1.0,100.0,16,16,1.0,100.0
Hoyle (OR),H001094,D,OR,0,5,0.0,-100.0,0,9,0.0,-100.0,0,6,0.0,-100.0,0,21,0.0,-100.0,0,4,0.0,-100.0,0,14,0.0,-100.0,0,10,0.0,-100.0,0,13,0.0,-100.0,0,7,0.0,-100.0,0,1,0.0,-100.0,0,16,0.0,-100.0
Hunt,H001095,R,TX,5,5,1.0,100.0,7,7,1.0,100.0,6,6,1.0,100.0,12,12,1.0,100.0,4,4,1.0,100.0,13,13,1.0,100.0,9,9,1.0,100.0,11,11,1.0,100.0,5,5,1.0,100.0,1,1,1.0,100.0,11,11,1.0,100.0
Hurd (CO),H001100,R,CO,2,2,1.0,100.0,8,8,1.0,100.0,5,5,1.0,100.0,19,19,1.0,100.0,2,2,1.0,100.0,14,14,1.0,100.0,10,10,1.0,100.0,11,11,1.0,100.0,5,5,1.0,100.0,1,1,1.0,100.0,14,14,1.0,100.0
Ivey,I000058,D,MD,0,5,0.0,-100.0,0,8,0.0,-100.0,0,6,0.0,-100.0,0,19,0.0,-100.0,0,4,0.0,-100.0,0,14,0.0,-100.0,0,10,0.0,-100.0,1,13,0.076923,-84.6154,0,7,0.0,-100.0,0,1,0.0,-100.0,2,16,0.125,-75.0
Jack,J000311,R,GA,2,2,1.0,100.0,8,8,1.0,100.0,5,5,1.0,100.0,19,19,1.0,100.0,2,2,1.0,100.0,14,14,1.0,100.0,10,10,1.0,100.0,11,11,1.0,100.0,5,5,1.0,100.0,1,1,1.0,100.0,14,14,1.0,100.0
Jackson (IL),J000309,D,IL,0,5,0.0,-100.0,2,9,0.222222,-55.5556,1,6,0.166667,-66.6667,2,21,0.095238,-80.9524,1,4,0.25,-50.0,0,14,0.0,-100.0,0,10,0.0,-100.0,0,13,0.0,-100.0,0,7,0.0,-100.0,0,1,0.0,-100.0,0,16,0.0,-100.0
James,J000307,R,MI,5,5,1.0,100.0,9,9,1.0,100.0,6,6,1.0,100.0,21,21,1.0,100.0,4,4,1.0,100.0,14,14,1.0,100.0,10,10,1.0,100.0,10,10,1.0,100.0,7,7,1.0,100.0,1,1,1.0,100.0,16,16,1.0,100.0
Johnson (TX),J000310,D,TX,0,2,0.0,-100.0,3,8,0.375,-25.0,1,5,0.2,-60.0,2,19,0.105263,-78.9474,1,2,0.5,0.0,2,14,0.142857,-71.4286,0,10,0.0,-100.0,1,11,0.090909,-81.8182,0,5,0.0,-100.0,0,1,0.0,-100.0,2,14,0.142857,-71.4286
Kamlager-Dove,K000400,D,CA,0,5,0.0,-100.0,2,8,0.25,-50.0,1,6,0.166667,-66.6667,2,21,0.095238,-80.9524,1,4,0.25,-50.0,0,12,0.0,-100.0,0,10,0.0,-100.0,0,13,0.0,-100.0,0,7,0.0,-100.0,0,1,0.0,-100.0,0,16,0.0,-100.0
Kean,K000398,R,NJ,5,5,1.0,100.0,9,9,1.0,100.0,6,6,1.0,100.0,21,21,1.0,100.0,4,4,1.0,100.0,14,14,1.0,100.0,10,10,1.0,100.0,13,13,1.0,100.0,7,7,1.0,100.0,1,1,1.0,100.0,16,16,1.0,100.0
Kennedy (NY),K000402,D,NY,0,2,0.0,-100.0,2,8,0.25,-50.0,1,5,0.2,-60.0,2,19,0.105263,-78.9474,1,2,0.5,0.0,0,14,0.0,-100.0,0,10,0.0,-100.0,2,13,0.153846,-69.2308,0,7,0.0,-100.0,0,1,0.0,-100.0,4,16,0.25,-50.0
Kennedy (UT),K000403,R,UT,2,2,1.0,100.0,8,8,1.0,100.0,5,5,1.0,100.0,19,19,1.0,100.0,2,2,1.0,100.0,14,14,1.0,100.0,10,10,1.0,100.0,11,11,1.0,100.0,5,5,1.0,100.0,1,1,1.0,100.0,14,14,1.0,100.0
Kiggans (VA),K000399,R,VA,5,5,1.0,100.0,9,9,1.0,100.0,6,6,1.0,100.0,21,21,1.0,100.0,4,4,1.0,100.0,13,13,1.0,100.0,8,8,1.0,100.0,13,13,1.0,100.0,7,7,1.0,100.0,1,1,1.0,100.0,16,16,1.0,100.0
Kiley (CA),K000401,R,CA,5,5,1.0,100.0,9,9,1.0,100.0,6,6,1.0,100.0,21,21,1.0,100.0,4,4,1.0,100.0,14,14,1.0,100.0,10,10,1.0,100.0,13,13,1.0,100.0,7,7,1.0,100.0,1,1,1.0,100.0,16,16,1.0,100.0
Knott,K000405,R,NC,2,2,1.0,100.0,8,8,1.0,100.0,5,5,1.0,100.0,19,19,1.0,100.0,2,2,1.0,100.0,13,13,1.0,100.0,8,8,1.0,100.0,11,11,1.0,100.0,5,5,1.0,100.0,1,1,1.0,100.0,14,14,1.0,100.0
LaLota,L000598,R,NY,5,5,1.0,100.0,9,9,1.0,100.0,6,6,1.0,100.0,21,21,1.0,100.0,4,4,1.0,100.0,14,14,1.0,100.0,10,10,1.0,100.0,13,13,1.0,100.0,7,7,1.0,100.0,1,1,1.0,100.0,16,16,1.0,100.0
Landsman,L000601,D,OH,0,5,0.0,-100.0,3,9,0.333333,-33.3333,1,6,0.166667,-66.6667,4,21,0.190476,-61.9048,1,4,0.25,-50.0,3,14,0.214286,-57.1429,0,10,0.0,-100.0,3,13,0.230769,-53.8462,2,7,0.285714,-42.8571,0,1,0.0,-100.0,4,16,0.25,-50.0
Langworthy,L000600,R,NY,5,5,1.0,100.0,9,9,1.0,100.0,6,6,1.0,100.0,21,21,1.0,100.0,4,4,1.0,100.0,14,14,1.0,100.0,10,10,1.0,100.0,13,13,1.0,100.0,7,7,1.0,100.0,1,1,1.0,100.0,16,16,1.0,100.0
Latimer,L000606,D,NY,0,2,0.0,-100.0,2,8,0.25,-50.0,1,5,0.2,-60.0,2,19,0.105263,-78.9474,1,2,0.5,0.0,0,14,0.0,-100.0,0,10,0.0,-100.0,0,11,0.0,-100.0,0,5,0.0,-100.0,0,1,0.0,-100.0,0,14,0.0,-100.0
Lawler,L000599,R,NY,5,5,1.0,100.0,9,9,1.0,100.0,6,6,1.0,100.0,21,21,1.0,100.0,4,4,1.0,100.0,14,14,1.0,100.0,10,10,1.0,100.0,13,13,1.0,100.0,7,7,1.0,100.0,1,1,1.0,100.0,16,16,1.0,100.0
Lee (FL),L000597,R,FL,5,5,1.0,100.0,9,9,1.0,100.0,6,6,1.0,100.0,21,21,1.0,100.0,4,4,1.0,100.0,14,14,1.0,100.0,9,9,1.0,100.0,13,13,1.0,100.0,7,7,1.0,100.0,1,1,1.0,100.0,14,14,1.0,100.0
Lee (PA),L000602,D,PA,0,5,0.0,-100.0,0,9,0.0,-100.0,0,6,0.0,-100.0,0,21,0.0,-100.0,0,4,0.0,-100.0,0,14,0.0,-100.0,0,10,0.0,-100.0,0,13,0.0,-100.0,0,7,0.0,-100.0,0,1,0.0,-100.0,0,16,0.0,-100.0
Liccardo,L000607,D,CA,0,2,0.0,-100.0,2,8,0.25,-50.0,1,5,0.2,-60.0,2,19,0.105263,-78.9474,1,2,0.5,0.0,0,14,0.0,-100.0,0,10,0.0,-100.0,0,11,0.0,-100.0,0,5,0.0,-100.0,0,1,0.0,-100.0,0,14,0.0,-100.0
Luna,L000596,R,FL,5,5,1.0,100.0,9,9,1.0,100.0,6,6,1.0,100.0,21,21,1.0,100.0,3,4,0.75,50.0,14,14,1.0,100.0,10,10,1.0,100.0,13,13,1.0,100.0,7,7,1.0,100.0,1,1,1.0,100.0,14,16,0.875,75.0
Luttrell,L000603,R,TX,5,5,1.0,100.0,9,9,1.0,100.0,6,6,1.0,100.0,21,21,1.0,100.0,4,4,1.0,100.0,14,14,1.0,100.0,10,10,1.0,100.0,13,13,1.0,100.0,7,7,1.0,100.0,1,1,1.0,100.0,16,16,1.0,100.0
Mackenzie,M001230,R,PA,2,2,1.0,100.0,6,8,0.75,50.0,5,5,1.0,100.0,19,19,1.0,100.0,2,2,1.0,100.0,13,14,0.928571,85.7143,10,10,1.0,100.0,11,11,1.0,100.0,5,5,1.0,100.0,1,1,1.0,100.0,14,14,1.0,100.0
Magaziner,M001223,D,RI,0,5,0.0,-100.0,0,9,0.0,-100.0,0,6,0.0,-100.0,2,21,0.095238,-80.9524,1,4,0.25,-50.0,0,14,0.0,-100.0,0,10,0.0,-100.0,1,13,0.076923,-84.6154,0,7,0.0,-100.0,0,1,0.0,-100.0,2,16,0.125,-75.0
Maloy,M001228,R,UT,2,2,1.0,100.0,8,8,1.0,100.0,5,5,1.0,100.0,19,19,1.0,100.0,2,2,1.0,100.0,12,12,1.0,100.0,9,9,1.0,100.0,12,12,1.0,100.0,5,5,1.0,100.0,1,1,1.0,100.0,16,16,1.0,100.0
Mannion,M001231,D,NY,0,2,0.0,-100.0,2,8,0.25,-50.0,1,5,0.2,-60.0,2,19,0.105263,-78.9474,1,2,0.5,0.0,3,14,0.214286,-57.1429,0,10,0.0,-100.0,0,11,0.0,-100.0,0,5,0.0,-100.0,0,1,0.0,-100.0,0,14,0.0,-100.0
McBride,M001238,D,DE,0,2,0.0,-100.0,2,8,0.25,-50.0,1,5,0.2,-60.0,0,19,0.0,-100.0,0,2,0.0,-100.0,0,14,0.0,-100.0,0,10,0.0,-100.0,0,11,0.0,-100.0,0,5,0.0,-100.0,0,1,0.0,-100.0,0,14,0.0,-100.0
McClain Delaney,M001232,D,MD,0,2,0.0,-100.0,2,8,0.25,-50.0,1,5,0.2,-60.0,3,19,0.157895,-68.4211,1,2,0.5,0.0,3,14,0.214286,-57.1429,2,10,0.2,-60.0,0,11,0.0,-100.0,0,5,0.0,-100.0,0,1,0.0,-100.0,0,14,0.0,-100.0
McClellan,M001227,D,VA,0,2,0.0,-100.0,0,8,0.0,-100.0,0,6,0.0,-100.0,0,19,0.0,-100.0,0,4,0.0,-100.0,0,14,0.0,-100.0,0,10,0.0,-100.0,1,13,0.076923,-84.6154,0,7,0.0,-100.0,0,1,0.0,-100.0,2,16,0.125,-75.0
McCormick,M001218,R,GA,5,5,1.0,100.0,9,9,1.0,100.0,6,6,1.0,100.0,21,21,1.0,100.0,4,4,1.0,100.0,14,14,1.0,100.0,10,10,1.0,100.0,13,13,1.0,100.0,7,7,1.0,100.0,1,1,1.0,100.0,16,16,1.0,100.0
McDonald Rivet,M001237,D,MI,2,2,1.0,100.0,2,8,0.25,-50.0,1,5,0.2,-60.0,5,19,0.263158,-47.3684,1,2,0.5,0.0,3,14,0.214286,-57.1429,3,10,0.3,-40.0,2,11,0.181818,-63.6364,0,5,0.0,-100.0,0,1,0.0,-100.0,2,14,0.142857,-71.4286
McDowell,M001240,R,NC,2,2,1.0,100.0,8,8,1.0,100.0,5,5,1.0,100.0,19,19,1.0,100.0,2,2,1.0,100.0,14,14,1.0,100.0,10,10,1.0,100.0,11,11,1.0,100.0,5,5,1.0,100.0,1,1,1.0,100.0,14,14,1.0,100.0
McGarvey,M001220,D,KY,0,5,0.0,-100.0,0,9,0.0,-100.0,0,6,0.0,-100.0,2,21,0.095238,-80.9524,1,4,0.25,-50.0,0,14,0.0,-100.0,0,10,0.0,-100.0,0,13,0.0,-100.0,0,7,0.0,-100.0,0,1,0.0,-100.0,0,16,0.0,-100.0
McGuire,M001239,R,VA,2,2,1.0,100.0,8,8,1.0,100.0,5,5,1.0,100.0,19,19,1.0,100.0,2,2,1.0,100.0,14,14,1.0,100.0,10,10,1.0,100.0,11,11,1.0,100.0,5,5,1.0,100.0,1,1,1.0,100.0,14,14,1.0,100.0
McIver,M001229,D,NJ,0,2,0.0,-100.0,0,8,0.0,-100.0,0,5,0.0,-100.0,0,19,0.0,-100.0,0,2,0.0,-100.0,0,14,0.0,-100.0,0,10,0.0,-100.0,0,12,0.0,-100.0,0,5,0.0,-100.0,0,1,0.0,-100.0,0,16,0.0,-100.0
Menendez,M001226,D,NJ,0,5,0.0,-100.0,2,9,0.222222,-55.5556,1,6,0.166667,-66.6667,2,21,0.095238,-80.9524,1,4,0.25,-50.0,0,14,0.0,-100.0,0,10,0.0,-100.0,0,13,0.0,-100.0,0,7,0.0,-100.0,0,1,0.0,-100.0,0,16,0.0,-100.0
Messmer,M001233,R,IN,2,2,1.0,100.0,8,8,1.0,100.0,5,5,1.0,100.0,19,19,1.0,100.0,2,2,1.0,100.0,14,14,1.0,100.0,10,10,1.0,100.0,11,11,1.0,100.0,5,5,1.0,100.0,1,1,1.0,100.0,14,14,1.0,100.0
Miller (OH),M001222,R,OH,5,5,1.0,100.0,9,9,1.0,100.0,6,6,1.0,100.0,21,21,1.0,100.0,4,4,1.0,100.0,13,13,1.0,100.0,8,8,1.0,100.0,13,13,1.0,100.0,7,7,1.0,100.0,1,1,1.0,100.0,16,16,1.0,100.0
Mills,M001216,R,FL,5,5,1.0,100.0,9,9,1.0,100.0,6,6,1.0,100.0,21,21,1.0,100.0,3,4,0.75,50.0,14,14,1.0,100.0,10,10,1.0,100.0,13,13,1.0,100.0,7,7,1.0,100.0,1,1,1.0,100.0,14,16,0.875,75.0
Min,M001241,D,CA,0,2,0.0,-100.0,0,8,0.0,-100.0,0,5,0.0,-100.0,2,19,0.105263,-78.9474,1,2,0.5,0.0,3,12,0.25,-50.0,0,9,0.0,-100.0,0,11,0.0,-100.0,0,5,0.0,-100.0,0,1,0.0,-100.0,0,14,0.0,-100.0
Moore (NC),M001236,R,NC,2,2,1.0,100.0,8,8,1.0,100.0,5,5,1.0,100.0,19,19,1.0,100.0,2,2,1.0,100.0,13,13,1.0,100.0,10,10,1.0,100.0,11,11,1.0,100.0,3,3,1.0,100.0,1,1,1.0,100.0,14,14,1.0,100.0
Moore (WV),M001235,R,WV,2,2,1.0,100.0,8,8,1.0,100.0,5,5,1.0,100.0,19,19,1.0,100.0,2,2,1.0,100.0,14,14,1.0,100.0,10,10,1.0,100.0,11,11,1.0,100.0,5,5,1.0,100.0,1,1,1.0,100.0,14,14,1.0,100.0
Moran,M001224,R,TX,5,5,1.0,100.0,9,9,1.0,100.0,6,6,1.0,100.0,21,21,1.0,100.0,4,4,1.0,100.0,14,14,1.0,100.0,10,10,1.0,100.0,13,13,1.0,100.0,7,7,1.0,100.0,1,1,1.0,100.0,16,16,1.0,100.0
Morrison,M001234,D,MN,0,2,0.0,-100.0,0,8,0.0,-100.0,0,5,0.0,-100.0,0,19,0.0,-100.0,0,2,0.0,-100.0,0,13,0.0,-100.0,0,8,0.0,-100.0,0,11,0.0,-100.0,0,5,0.0,-100.0,0,1,0.0,-100.0,0,14,0.0,-100.0
Moskowitz,M001217,D,FL,3,5,0.6,20.0,3,9,0.333333,-33.3333,1,6,0.166667,-66.6667,4,21,0.190476,-61.9048,1,4,0.25,-50.0,3,14,0.214286,-57.1429,0,10,0.0,-100.0,7,13,0.538462,7.6923,3,7,0.428571,-14.2857,0,1,0.0,-100.0,5,16,0.3125,-37.5
Mullin,M001225,D,CA,0,3,0.0,-100.0,0,9,0.0,-100.0,0,4,0.0,-100.0,0,21,0.0,-100.0,0,4,0.0,-100.0,0,13,0.0,-100.0,0,10,0.0,-100.0,0,8,0.0,-100.0,0,6,0.0,-100.0,0,1,0.0,-100.0,0,15,0.0,-100.0
Nunn (IA),N000193,R,IA,5,5,1.0,100.0,7,7,1.0,100.0,6,6,1.0,100.0,19,19,1.0,100.0,4,4,1.0,100.0,12,12,1.0,100.0,10,10,1.0,100.0,13,13,1.0,100.0,7,7,1.0,100.0,1,1,1.0,100.0,16,16,1.0,100.0
Ogles,O000175,R,TN,5,5,1.0,100.0,9,9,1.0,100.0,6,6,1.0,100.0,21,21,1.0,100.0,3,4,0.75,50.0,14,14,1.0,100.0,10,10,1.0,100.0,12,13,0.923077,84.6154,5,7,0.714286,42.8571,1,1,1.0,100.0,14,16,0.875,75.0
Olszewski,O000176,D,MD,0,2,0.0,-100.0,2,8,0.25,-50.0,1,5,0.2,-60.0,2,19,0.105263,-78.9474,1,2,0.5,0.0,0,14,0.0,-100.0,0,10,0.0,-100.0,0,11,0.0,-100.0,0,5,0.0,-100.0,0,1,0.0,-100.0,0,14,0.0,-100.0
Onder,O000177,R,MO,2,2,1.0,100.0,8,8,1.0,100.0,5,5,1.0,100.0,19,19,1.0,100.0,2,2,1.0,100.0,14,14,1.0,100.0,10,10,1.0,100.0,11,11,1.0,100.0,5,5,1.0,100.0,1,1,1.0,100.0,14,14,1.0,100.0
Patronis,P000622,R,FL,0,0,0.0,0.0,5,5,1.0,100.0,2,2,1.0,100.0,19,19,1.0,100.0,2,2,1.0,100.0,4,4,1.0,100.0,7,7,1.0,100.0,6,6,1.0,100.0,2,2,1.0,100.0,1,1,1.0,100.0,13,13,1.0,100.0
Perez,G000600,D,WA,5,5,1.0,100.0,2,9,0.222222,-55.5556,2,6,0.333333,-33.3333,11,21,0.52381,4.7619,2,4,0.5,0.0,10,14,0.714286,42.8571,6,10,0.6,20.0,11,13,0.846154,69.2308,3,7,0.428571,-14.2857,0,1,0.0,-100.0,7,16,0.4375,-12.5
Pettersen,P000620,D,CO,0,3,0.0,-100.0,3,8,0.375,-25.0,1,4,0.25,-50.0,4,21,0.190476,-61.9048,1,4,0.25,-50.0,0,5,0.0,-100.0,0,7,0.0,-100.0,1,8,0.125,-75.0,2,6,0.333333,-33.3333,0,1,0.0,-100.0,0,15,0.0,-100.0
Pou,P000621,D,NJ,0,2,0.0,-100.0,2,8,0.25,-50.0,1,5,0.2,-60.0,2,19,0.105263,-78.9474,1,2,0.5,0.0,0,14,0.0,-100.0,0,10,0.0,-100.0,0,11,0.0,-100.0,0,5,0.0,-100.0,0,1,0.0,-100.0,0,14,0.0,-100.0
Ramirez,R000617,D,IL,0,5,0.0,-100.0,0,9,0.0,-100.0,0,6,0.0,-100.0,0,21,0.0,-100.0,0,4,0.0,-100.0,0,14,0.0,-100.0,0,10,0.0,-100.0,0,13,0.0,-100.0,0,7,0.0,-100.0,0,1,0.0,-100.0,0,16,0.0,-100.0
Randall,R000621,D,WA,0,2,0.0,-100.0,0,6,0.0,-100.0,0,4,0.0,-100.0,0,19,0.0,-100.0,0,2,0.0,-100.0,0,14,0.0,-100.0,0,9,0.0,-100.0,0,11,0.0,-100.0,0,5,0.0,-100.0,0,1,0.0,-100.0,0,12,0.0,-100.0
Riley (NY),R000622,D,NY,0,2,0.0,-100.0,2,8,0.25,-50.0,1,5,0.2,-60.0,2,19,0.105263,-78.9474,1,2,0.5,0.0,0,11,0.0,-100.0,0,10,0.0,-100.0,1,11,0.090909,-81.8182,0,5,0.0,-100.0,0,1,0.0,-100.0,2,14,0.142857,-71.4286
Rivas,R000620,D,CA,0,2,0.0,-100.0,0,8,0.0,-100.0,0,5,0.0,-100.0,0,19,0.0,-100.0,0,2,0.0,-100.0,0,14,0.0,-100.0,0,10,0.0,-100.0,0,11,0.0,-100.0,0,5,0.0,-100.0,0,1,0.0,-100.0,0,14,0.0,-100.0
Rulli,R000619,R,OH,2,2,1.0,100.0,5,5,1.0,100.0,4,4,1.0,100.0,16,16,1.0,100.0,2,2,1.0,100.0,12,12,1.0,100.0,10,10,1.0,100.0,11,11,1.0,100.0,7,7,1.0,100.0,1,1,1.0,100.0,15,15,1.0,100.0
Salinas,S001226,D,OR,0,5,0.0,-100.0,1,9,0.111111,-77.7778,0,6,0.0,-100.0,2,21,0.095238,-80.9524,0,4,0.0,-100.0,0,14,0.0,-100.0,0,10,0.0,-100.0,0,13,0.0,-100.0,0,7,0.0,-100.0,0,1,0.0,-100.0,0,16,0.0,-100.0
Schmidt,S001228,R,KS,2,2,1.0,100.0,8,8,1.0,100.0,5,5,1.0,100.0,19,19,1.0,100.0,2,2,1.0,100.0,14,14,1.0,100.0,10,10,1.0,100.0,11,11,1.0,100.0,5,5,1.0,100.0,1,1,1.0,100.0,14,14,1.0,100.0
Scholten,S001221,D,MI,0,5,0.0,-100.0,2,9,0.222222,-55.5556,1,6,0.166667,-66.6667,3,21,0.142857,-71.4286,1,4,0.25,-50.0,3,14,0.214286,-57.1429,2,10,0.2,-60.0,3,13,0.230769,-53.8462,2,7,0.285714,-42.8571,0,1,0.0,-100.0,4,16,0.25,-50.0
Self,S001224,R,TX,5,5,1.0,100.0,9,9,1.0,100.0,6,6,1.0,100.0,21,21,1.0,100.0,3,4,0.75,50.0,14,14,1.0,100.0,10,10,1.0,100.0,12,13,0.923077,84.6154,7,7,1.0,100.0,1,1,1.0,100.0,12,16,0.75,50.0
Shreve,S001229,R,IN,2,2,1.0,100.0,8,8,1.0,100.0,5,5,1.0,100.0,19,19,1.0,100.0,2,2,1.0,100.0,14,14,1.0,100.0,10,10,1.0,100.0,11,11,1.0,100.0,5,5,1.0,100.0,1,1,1.0,100.0,14,14,1.0,100.0
Simon,S001231,D,CA,0,2,0.0,-100.0,2,8,0.25,-50.0,1,5,0.2,-60.0,0,19,0.0,-100.0,0,2,0.0,-100.0,0,14,0.0,-100.0,0,10,0.0,-100.0,0,10,0.0,-100.0,0,5,0.0,-100.0,0,1,0.0,-100.0,0,12,0.0,-100.0
Sorensen,S001225,D,IL,0,5,0.0,-100.0,3,9,0.333333,-33.3333,1,6,0.166667,-66.6667,4,21,0.190476,-61.9048,1,4,0.25,-50.0,3,14,0.214286,-57.1429,0,10,0.0,-100.0,1,13,0.076923,-84.6154,2,7,0.285714,-42.8571,0,1,0.0,-100.0,0,16,0.0,-100.0
Strong,S001220,R,AL,5,5,1.0,100.0,9,9,1.0,100.0,6,6,1.0,100.0,21,21,1.0,100.0,4,4,1.0,100.0,14,14,1.0,100.0,10,10,1.0,100.0,13,13,1.0,100.0,7,7,1.0,100.0,1,1,1.0,100.0,16,16,1.0,100.0
Stutzman,S001188,R,IN,2,2,1.0,100.0,8,8,1.0,100.0,5,5,1.0,100.0,19,19,1.0,100.0,2,2,1.0,100.0,14,14,1.0,100.0,10,10,1.0,100.0,11,11,1.0,100.0,5,5,1.0,100.0,1,1,1.0,100.0,14,14,1.0,100.0
Subramanyam,S001230,D,VA,0,2,0.0,-100.0,2,8,0.25,-50.0,1,5,0.2,-60.0,2,19,0.105263,-78.9474,1,2,0.5,0.0,3,14,0.214286,-57.1429,0,10,0.0,-100.0,0,11,0.0,-100.0,0,5,0.0,-100.0,0,1,0.0,-100.0,0,14,0.0,-100.0
Sykes,S001223,D,OH,0,5,0.0,-100.0,2,9,0.222222,-55.5556,1,6,0.166667,-66.6667,2,21,0.095238,-80.9524,1,4,0.25,-50.0,3,14,0.214286,-57.1429,0,10,0.0,-100.0,2,13,0.153846,-69.2308,2,7,0.285714,-42.8571,0,1,0.0,-100.0,2,16,0.125,-75.0
Taylor,T000490,R,OH,2,2,1.0,100.0,8,8,1.0,100.0,5,5,1.0,100.0,19,19,1.0,100.0,2,2,1.0,100.0,14,14,1.0,100.0,10,10,1.0,100.0,11,11,1.0,100.0,5,5,1.0,100.0,1,1,1.0,100.0,14,14,1.0,100.0
Thanedar,T000488,D,MI,0,5,0.0,-100.0,2,9,0.222222,-55.5556,1,6,0.166667,-66.6667,2,21,0.095238,-80.9524,1,4,0.25,-50.0,0,11,0.0,-100.0,0,10,0.0,-100.0,2,13,0.153846,-69.2308,0,7,0.0,-100.0,0,1,0.0,-100.0,4,16,0.25,-50.0
Tokuda,T000487,D,HI,0,5,0.0,-100.0,0,9,0.0,-100.0,0,6,0.0,-100.0,0,21,0.0,-100.0,0,4,0.0,-100.0,0,14,0.0,-100.0,0,10,0.0,-100.0,0,13,0.0,-100.0,0,7,0.0,-100.0,0,1,0.0,-100.0,0,16,0.0,-100.0
Tran,T000491,D,CA,0,2,0.0,-100.0,2,8,0.25,-50.0,1,5,0.2,-60.0,2,19,0.105263,-78.9474,1,2,0.5,0.0,3,14,0.214286,-57.1429,0,10,0.0,-100.0,0,11,0.0,-100.0,0,5,0.0,-100.0,0,1,0.0,-100.0,0,14,0.0,-100.0
Van Orden,V000135,R,WI,5,5,1.0,100.0,9,9,1.0,100.0,6,6,1.0,100.0,21,21,1.0,100.0,4,4,1.0,100.0,14,14,1.0,100.0,10,10,1.0,100.0,11,11,1.0,100.0,7,7,1.0,100.0,1,1,1.0,100.0,15,15,1.0,100.0
Vasquez,V000136,D,NM,0,5,0.0,-100.0,3,9,0.333333,-33.3333,1,6,0.166667,-66.6667,5,21,0.238095,-52.381,1,4,0.25,-50.0,2,14,0.142857,-71.4286,3,10,0.3,-40.0,3,13,0.230769,-53.8462,2,7,0.285714,-42.8571,0,1,0.0,-100.0,4,16,0.25,-50.0
Vindman,V000138,D,VA,0,2,0.0,-100.0,2,8,0.25,-50.0,1,5,0.2,-60.0,2,19,0.105263,-78.9474,1,2,0.5,0.0,3,14,0.214286,-57.1429,0,10,0.0,-100.0,3,11,0.272727,-45.4545,0,5,0.0,-100.0,0,1,0.0,-100.0,3,14,0.214286,-57.1429
Whitesides,W000830,D,CA,0,2,0.0,-100.0,2,8,0.25,-50.0,1,5,0.2,-60.0,2,19,0.105263,-78.9474,1,2,0.5,0.0,0,11,0.0,-100.0,0,10,0.0,-100.0,1,11,0.090909,-81.8182,0,5,0.0,-100.0,0,1,0.0,-100.0,2,14,0.142857,-71.4286
Wied,W000829,R,WI,2,2,1.0,100.0,8,8,1.0,100.0,5,5,1.0,100.0,19,19,1.0,100.0,2,2,1.0,100.0,14,14,1.0,100.0,10,10,1.0,100.0,12,12,1.0,100.0,5,5,1.0,100.0,1,1,1.0,100.0,16,16,1.0,100.0
Zinke,Z000018,R,MT,5,5,1.0,100.0,9,9,1.0,100.0,6,6,1.0,100.0,21,21,1.0,100.0,4,4,1.0,100.0,14,14,1.0,100.0,10,10,1.0,100.0,13,13,1.0,100.0,7,7,1.0,100.0,1,1,1.0,100.0,16,16,1.0,100.0
Angela Alsobrooks,,D,MD,0,3,0.0,-100.0,2,8,0.25,-50.0,1,5,0.2,-60.0,2,18,0.111111,-77.7778,1,2,0.5,0.0,0,13,0.0,-100.0,0,6,0.0,-100.0,0,13,0.0,-100.0,0,5,0.0,-100.0,0,1,0.0,-100.0,0,14,0.0,-100.0
Tammy Baldwin,,D,WI,3,7,0.428571,-14.2857,0,12,0.0,-100.0,0,11,0.0,-100.0,0,22,0.0,-100.0,1,7,0.142857,-71.4286,0,17,0.0,-100.0,0,20,0.0,-100.0,0,18,0.0,-100.0,0,16,0.0,-100.0,0,9,0.0,-100.0,2,18,0.111111,-77.7778
Jim Banks,,R,IN,3,3,1.0,100.0,8,8,1.0,100.0,5,5,1.0,100.0,19,19,1.0,100.0,2,2,1.0,100.0,14,14,1.0,100.0,10,10,1.0,100.0,10,10,1.0,100.0,5,5,1.0,100.0,1,1,1.0,100.0,14,14,1.0,100.0
John Barrasso,,R,WY,4,4,1.0,100.0,11,12,0.916667,83.3333,11,11,1.0,100.0,22,22,1.0,100.0,6,7,0.857143,71.4286,15,17,0.882353,76.4706,20,20,1.0,100.0,15,15,1.0,100.0,13,16,0.8125,62.5,7,9,0.777778,55.5556,18,18,1.0,100.0
Michael Bennet,,D,CO,3,7,0.428571,-14.2857,0,12,0.0,-100.0,0,11,0.0,-100.0,0,22,0.0,-100.0,0,7,0.0,-100.0,0,16,0.0,-100.0,0,18,0.0,-100.0,0,18,0.0,-100.0,0,16,0.0,-100.0,0,9,0.0,-100.0,0,18,0.0,-100.0
Marsha Blackburn,,R,TN,4,4,1.0,100.0,12,12,1.0,100.0,11,11,1.0,100.0,19,19,1.0,100.0,5,5,1.0,100.0,17,17,1.0,100.0,17,17,1.0,100.0,17,17,1.0,100.0,15,15,1.0,100.0,9,9,1.0,100.0,16,16,1.0,100.0
Richard Blumenthal,,D,CT,0,7,0.0,-100.0,0,12,0.0,-100.0,0,11,0.0,-100.0,0,22,0.0,-100.0,1,7,0.142857,-71.4286,0,17,0.0,-100.0,0,20,0.0,-100.0,0,18,0.0,-100.0,0,16,0.0,-100.0,0,9,0.0,-100.0,2,18,0.111111,-77.7778
Lisa Blunt Rochester,,D,DE,0,3,0.0,-100.0,0,8,0.0,-100.0,0,5,0.0,-100.0,0,19,0.0,-100.0,0,2,0.0,-100.0,0,14,0.0,-100.0,0,10,0.0,-100.0,0,13,0.0,-100.0,0,5,0.0,-100.0,0,1,0.0,-100.0,0,14,0.0,-100.0
Cory Booker,,D,NJ,0,7,0.0,-100.0,2,12,0.166667,-66.6667,1,11,0.090909,-81.8182,2,20,0.1,-80.0,1,7,0.142857,-71.4286,0,14,0.0,-100.0,0,19,0.0,-100.0,0,15,0.0,-100.0,0,16,0.0,-100.0,0,9,0.0,-100.0,0,18,0.0,-100.0
John Boozman,,R,AR,7,7,1.0,100.0,12,12,1.0,100.0,11,11,1.0,100.0,22,22,1.0,100.0,7,7,1.0,100.0,16,17,0.941176,88.2353,18,20,0.9,80.0,15,18,0.833333,66.6667,14,16,0.875,75.0,8,9,0.888889,77.7778,18,18,1.0,100.0
Katie Britt,,R,AL,7,7,1.0,100.0,8,8,1.0,100.0,6,6,1.0,100.0,19,19,1.0,100.0,2,2,1.0,100.0,13,13,1.0,100.0,10,10,1.0,100.0,13,13,1.0,100.0,5,5,1.0,100.0,2,2,1.0,100.0,12,12,1.0,100.0
Ted Budd,,R,NC,7,7,1.0,100.0,8,8,1.0,100.0,7,7,1.0,100.0,18,18,1.0,100.0,2,2,1.0,100.0,15,15,1.0,100.0,9,9,1.0,100.0,12,12,1.0,100.0,5,5,1.0,100.0,2,2,1.0,100.0,12,12,1.0,100.0
Maria Cantwell,,D,WA,0,7,0.0,-100.0,0,12,0.0,-100.0,0,11,0.0,-100.0,0,22,0.0,-100.0,1,5,0.2,-60.0,0,17,0.0,-100.0,0,20,0.0,-100.0,0,18,0.0,-100.0,0,16,0.0,-100.0,0,9,0.0,-100.0,2,17,0.117647,-76.4706
Shelley Capito,,R,WV,7,7,1.0,100.0,9,12,0.75,50.0,10,11,0.909091,81.8182,21,22,0.954545,90.9091,6,7,0.857143,71.4286,14,17,0.823529,64.7059,13,20,0.65,30.0,15,18,0.833333,66.6667,10,16,0.625,25.0,2,9,0.222222,-55.5556,17,18,0.944444,88.8889
Bill Cassidy,,R,LA,7,7,1.0,100.0,10,12,0.833333,66.6667,11,11,1.0,100.0,21,22,0.954545,90.9091,6,7,0.857143,71.4286,17,17,1.0,100.0,17,20,0.85,70.0,18,18,1.0,100.0,13,16,0.8125,62.5,2,9,0.222222,-55.5556,17,18,0.944444,88.8889
Susan Collins,,R,ME,6,7,0.857143,71.4286,9,12,0.75,50.0,9,11,0.818182,63.6364,18,22,0.818182,63.6364,4,7,0.571429,14.2857,14,17,0.823529,64.7059,10,20,0.5,0.0,13,18,0.722222,44.4444,8,16,0.5,0.0,2,9,0.222222,-55.5556,14,18,0.777778,55.5556
Christopher Coons,,D,DE,0,4,0.0,-100.0,0,12,0.0,-100.0,0,11,0.0,-100.0,0,22,0.0,-100.0,1,7,0.142857,-71.4286,0,16,0.0,-100.0,0,18,0.0,-100.0,0,18,0.0,-100.0,0,16,0.0,-100.0,0,9,0.0,-100.0,2,18,0.111111,-77.7778
John Cornyn,,R,TX,7,7,1.0,100.0,9,12,0.75,50.0,11,11,1.0,100.0,21,22,0.954545,90.9091,6,7,0.857143,71.4286,14,17,0.823529,64.7059,15,20,0.75,50.0,15,18,0.833333,66.6667,10,13,0.769231,53.8462,2,9,0.222222,-55.5556,17,18,0.944444,88.8889
Catherine Cortez Masto,,D,NV,3,7,0.428571,-14.2857,3,12,0.25,-50.0,1,11,0.090909,-81.8182,4,22,0.181818,-63.6364,2,7,0.285714,-42.8571,6,17,0.352941,-29.4118,0,19,0.0,-100.0,0,18,0.0,-100.0,0,16,0.0,-100.0,0,9,0.0,-100.0,2,16,0.125,-75.0
Tom Cotton,,R,AR,7,7,1.0,100.0,12,12,1.0,100.0,11,11,1.0,100.0,18,18,1.0,100.0,6,6,1.0,100.0,17,17,1.0,100.0,17,17,1.0,100.0,15,18,0.833333,66.6667,13,15,0.866667,73.3333,7,8,0.875,75.0,16,16,1.0,100.0
Kevin Cramer,,R,ND,5,5,1.0,100.0,11,11,1.0,100.0,11,11,1.0,100.0,22,22,1.0,100.0,5,5,1.0,100.0,14,15,0.933333,86.6667,16,18,0.888889,77.7778,14,14,1.0,100.0,15,15,1.0,100.0,9,9,1.0,100.0,17,17,1.0,100.0
Mike Crapo,,R,ID,7,7,1.0,100.0,12,12,1.0,100.0,11,11,1.0,100.0,22,22,1.0,100.0,7,7,1.0,100.0,17,17,1.0,100.0,20,20,1.0,100.0,18,18,1.0,100.0,16,16,1.0,100.0,9,9,1.0,100.0,18,18,1.0,100.0
Ted Cruz,,R,TX,7,7,1.0,100.0,11,11,1.0,100.0,11,11,1.0,100.0,18,18,1.0,100.0,6,7,0.857143,71.4286,16,16,1.0,100.0,19,19,1.0,100.0,18,18,1.0,100.0,16,16,1.0,100.0,9,9,1.0,100.0,14,16,0.875,75.0
John  Curtis,,R,UT,3,3,1.0,100.0,8,8,1.0,100.0,5,5,1.0,100.0,19,19,1.0,100.0,2,2,1.0,100.0,14,14,1.0,100.0,10,10,1.0,100.0,13,13,1.0,100.0,5,5,1.0,100.0,1,1,1.0,100.0,14,14,1.0,100.0
Steve Daines,,R,MT,7,7,1.0,100.0,12,12,1.0,100.0,11,11,1.0,100.0,22,22,1.0,100.0,7,7,1.0,100.0,17,17,1.0,100.0,19,20,0.95,90.0,18,18,1.0,100.0,16,16,1.0,100.0,7,9,0.777778,55.5556,18,18,1.0,100.0
Tammy Duckworth,,D,IL,0,7,0.0,-100.0,0,12,0.0,-100.0,0,11,0.0,-100.0,0,22,0.0,-100.0,0,7,0.0,-100.0,0,17,0.0,-100.0,0,20,0.0,-100.0,0,18,0.0,-100.0,0,16,0.0,-100.0,0,9,0.0,-100.0,0,18,0.0,-100.0
Richard Durbin,,D,IL,3,7,0.428571,-14.2857,0,12,0.0,-100.0,0,11,0.0,-100.0,2,22,0.090909,-81.8182,1,7,0.142857,-71.4286,1,17,0.058824,-88.2353,0,20,0.0,-100.0,0,18,0.0,-100.0,0,16,0.0,-100.0,0,9,0.0,-100.0,2,18,0.111111,-77.7778
Joni Ernst,,R,IA,7,7,1.0,100.0,11,12,0.916667,83.3333,10,11,0.909091,81.8182,22,22,1.0,100.0,7,7,1.0,100.0,14,17,0.823529,64.7059,14,20,0.7,40.0,15,15,1.0,100.0,13,16,0.8125,62.5,8,9,0.888889,77.7778,18,18,1.0,100.0
John Fetterman,,D,PA,0,4,0.0,-100.0,4,8,0.5,0.0,2,7,0.285714,-42.8571,6,21,0.285714,-42.8571,2,2,1.0,100.0,5,15,0.333333,-33.3333,2,12,0.166667,-66.6667,0,11,0.0,-100.0,0,5,0.0,-100.0,0,2,0.0,-100.0,2,13,0.153846,-69.2308
Deb Fischer,,R,NE,7,7,1.0,100.0,12,12,1.0,100.0,11,11,1.0,100.0,22,22,1.0,100.0,7,7,1.0,100.0,17,17,1.0,100.0,20,20,1.0,100.0,18,18,1.0,100.0,16,16,1.0,100.0,9,9,1.0,100.0,18,18,1.0,100.0
Ruben Gallego,,D,AZ,0,3,0.0,-100.0,0,4,0.0,-100.0,0,3,0.0,-100.0,2,17,0.117647,-76.4706,1,2,0.5,0.0,3,13,0.230769,-53.8462,0,10,0.0,-100.0,0,13,0.0,-100.0,0,5,0.0,-100.0,0,1,0.0,-100.0,0,14,0.0,-100.0
Kirsten Gillibrand,,D,NY,0,7,0.0,-100.0,2,12,0.166667,-66.6667,1,11,0.090909,-81.8182,2,22,0.090909,-81.8182,2,7,0.285714,-42.8571,0,17,0.0,-100.0,0,20,0.0,-100.0,0,18,0.0,-100.0,0,16,0.0,-100.0,0,9,0.0,-100.0,2,18,0.111111,-77.7778
Lindsey Graham,,R,SC,7,7,1.0,100.0,9,12,0.75,50.0,11,11,1.0,100.0,18,19,0.947368,89.4737,4,6,0.666667,33.3333,15,17,0.882353,76.4706,17,20,0.85,70.0,15,18,0.833333,66.6667,13,16,0.8125,62.5,2,7,0.285714,-42.8571,16,18,0.888889,77.7778
Chuck Grassley,,R,IA,7,7,1.0,100.0,8,8,1.0,100.0,7,7,1.0,100.0,21,21,1.0,100.0,2,2,1.0,100.0,14,15,0.933333,86.6667,10,12,0.833333,66.6667,13,13,1.0,100.0,5,5,1.0,100.0,2,2,1.0,100.0,14,14,1.0,100.0
Bill Hagerty,,R,TN,4,4,1.0,100.0,12,12,1.0,100.0,11,11,1.0,100.0,21,21,1.0,100.0,6,7,0.857143,71.4286,16,16,1.0,100.0,17,18,0.944444,88.8889,18,18,1.0,100.0,16,16,1.0,100.0,3,7,0.428571,-14.2857,18,18,1.0,100.0
Maggie Hassan,,D,NH,3,7,0.428571,-14.2857,0,12,0.0,-100.0,0,11,0.0,-100.0,4,22,0.181818,-63.6364,2,7,0.285714,-42.8571,4,17,0.235294,-52.9412,0,20,0.0,-100.0,0,18,0.0,-100.0,0,16,0.0,-100.0,0,9,0.0,-100.0,2,18,0.111111,-77.7778
Josh Hawley,,R,MO,7,7,1.0,100.0,10,12,0.833333,66.6667,11,11,1.0,100.0,18,20,0.9,80.0,6,7,0.857143,71.4286,14,16,0.875,75.0,18,20,0.9,80.0,18,18,1.0,100.0,14,14,1.0,100.0,9,9,1.0,100.0,18,18,1.0,100.0
Martin Heinrich,,D,NM,3,7,0.428571,-14.2857,2,12,0.166667,-66.6667,1,10,0.1,-80.0,2,19,0.105263,-78.9474,1,7,0.142857,-71.4286,0,17,0.0,-100.0,0,15,0.0,-100.0,0,17,0.0,-100.0,0,16,0.0,-100.0,0,9,0.0,-100.0,0,16,0.0,-100.0
John Hickenlooper,,D,CO,3,7,0.428571,-14.2857,3,12,0.25,-50.0,1,11,0.090909,-81.8182,2,22,0.090909,-81.8182,2,7,0.285714,-42.8571,2,17,0.117647,-76.4706,0,20,0.0,-100.0,0,18,0.0,-100.0,0,16,0.0,-100.0,0,9,0.0,-100.0,2,18,0.111111,-77.7778
Mazie Hirono,,D,HI,0,7,0.0,-100.0,0,12,0.0,-100.0,0,11,0.0,-100.0,0,22,0.0,-100.0,1,7,0.142857,-71.4286,0,17,0.0,-100.0,0,20,0.0,-100.0,0,18,0.0,-100.0,0,16,0.0,-100.0,0,9,0.0,-100.0,2,18,0.111111,-77.7778
John Hoeven,,R,ND,7,7,1.0,100.0,12,12,1.0,100.0,11,11,1.0,100.0,22,22,1.0,100.0,7,7,1.0,100.0,16,17,0.941176,88.2353,18,20,0.9,80.0,18,18,1.0,100.0,16,16,1.0,100.0,9,9,1.0,100.0,18,18,1.0,100.0
Jon Husted,,R,OH,3,3,1.0,100.0,8,8,1.0,100.0,5,5,1.0,100.0,19,19,1.0,100.0,2,2,1.0,100.0,11,11,1.0,100.0,10,10,1.0,100.0,13,13,1.0,100.0,5,5,1.0,100.0,1,1,1.0,100.0,14,14,1.0,100.0
Cindy Hyde-Smith,,R,MS,7,7,1.0,100.0,11,12,0.916667,83.3333,11,11,1.0,100.0,21,22,0.954545,90.9091,6,7,0.857143,71.4286,15,17,0.882353,76.4706,20,20,1.0,100.0,18,18,1.0,100.0,14,16,0.875,75.0,4,9,0.444444,-11.1111,18,18,1.0,100.0
Ron Johnson,,R,WI,7,7,1.0,100.0,12,12,1.0,100.0,11,11,1.0,100.0,21,21,1.0,100.0,6,7,0.857143,71.4286,17,17,1.0,100.0,20,20,1.0,100.0,18,18,1.0,100.0,16,16,1.0,100.0,9,9,1.0,100.0,14,16,0.875,75.0
James Justice,,R,WV,3,3,1.0,100.0,8,8,1.0,100.0,5,5,1.0,100.0,18,18,1.0,100.0,2,2,1.0,100.0,14,14,1.0,100.0,10,10,1.0,100.0,13,13,1.0,100.0,5,5,1.0,100.0,1,1,1.0,100.0,12,12,1.0,100.0
Timothy Kaine,,D,VA,3,7,0.428571,-14.2857,0,12,0.0,-100.0,2,11,0.181818,-63.6364,2,22,0.090909,-81.8182,1,7,0.142857,-71.4286,2,17,0.117647,-76.4706,0,20,0.0,-100.0,0,18,0.0,-100.0,0,16,0.0,-100.0,0,9,0.0,-100.0,2,18,0.111111,-77.7778
Mark Kelly,,D,AZ,3,7,0.428571,-14.2857,0,12,0.0,-100.0,0,11,0.0,-100.0,0,20,0.0,-100.0,0,5,0.0,-100.0,3,16,0.1875,-62.5,0,18,0.0,-100.0,0,16,0.0,-100.0,0,16,0.0,-100.0,0,7,0.0,-100.0,0,17,0.0,-100.0
John Kennedy,,R,LA,7,7,1.0,100.0,10,12,0.833333,66.6667,11,11,1.0,100.0,21,22,0.954545,90.9091,6,7,0.857143,71.4286,17,17,1.0,100.0,20,20,1.0,100.0,18,18,1.0,100.0,14,16,0.875,75.0,4,9,0.444444,-11.1111,17,18,0.944444,88.8889
Andy Kim,,D,NJ,0,3,0.0,-100.0,2,8,0.25,-50.0,1,5,0.2,-60.0,2,19,0.105263,-78.9474,1,2,0.5,0.0,0,14,0.0,-100.0,0,10,0.0,-100.0,0,13,0.0,-100.0,0,5,0.0,-100.0,0,1,0.0,-100.0,0,14,0.0,-100.0
Angus King,,I,ME,3,7,0.428571,-14.2857,0,12,0.0,-100.0,0,11,0.0,-100.0,2,22,0.090909,-81.8182,1,7,0.142857,-71.4286,2,17,0.117647,-76.4706,0,20,0.0,-100.0,0,18,0.0,-100.0,2,13,0.153846,-69.2308,0,9,0.0,-100.0,2,18,0.111111,-77.7778
Amy Klobuchar,,D,MN,3,7,0.428571,-14.2857,0,12,0.0,-100.0,0,11,0.0,-100.0,0,22,0.0,-100.0,0,7,0.0,-100.0,0,17,0.0,-100.0,0,20,0.0,-100.0,0,16,0.0,-100.0,0,16,0.0,-100.0,0,9,0.0,-100.0,0,17,0.0,-100.0
James Lankford,,R,OK,7,7,1.0,100.0,12,12,1.0,100.0,11,11,1.0,100.0,22,22,1.0,100.0,7,7,1.0,100.0,17,17,1.0,100.0,20,20,1.0,100.0,18,18,1.0,100.0,16,16,1.0,100.0,9,9,1.0,100.0,18,18,1.0,100.0
Mike Lee,,R,UT,7,7,1.0,100.0,12,12,1.0,100.0,11,11,1.0,100.0,22,22,1.0,100.0,6,7,0.857143,71.4286,17,17,1.0,100.0,20,20,1.0,100.0,18,18,1.0,100.0,14,14,1.0,100.0,8,8,1.0,100.0,16,18,0.888889,77.7778
Ben Lujan,,D,NM,3,7,0.428571,-14.2857,2,12,0.166667,-66.6667,1,11,0.090909,-81.8182,2,22,0.090909,-81.8182,1,6,0.166667,-66.6667,0,17,0.0,-100.0,0,20,0.0,-100.0,0,18,0.0,-100.0,0,16,0.0,-100.0,0,7,0.0,-100.0,0,18,0.0,-100.0
Cynthia Lummis,,R,WY,7,7,1.0,100.0,12,12,1.0,100.0,9,11,0.818182,63.6364,22,22,1.0,100.0,7,7,1.0,100.0,16,16,1.0,100.0,14,18,0.777778,55.5556,18,18,1.0,100.0,15,15,1.0,100.0,9,9,1.0,100.0,16,16,1.0,100.0
Edward Markey,,D,MA,0,7,0.0,-100.0,0,12,0.0,-100.0,0,11,0.0,-100.0,0,22,0.0,-100.0,0,7,0.0,-100.0,1,17,0.058824,-88.2353,2,20,0.1,-80.0,0,18,0.0,-100.0,0,16,0.0,-100.0,0,9,0.0,-100.0,0,18,0.0,-100.0
Roger Marshall,,R,KS,7,7,1.0,100.0,12,12,1.0,100.0,11,11,1.0,100.0,22,22,1.0,100.0,7,7,1.0,100.0,17,17,1.0,100.0,20,20,1.0,100.0,18,18,1.0,100.0,16,16,1.0,100.0,9,9,1.0,100.0,18,18,1.0,100.0
Mitch McConnell,,R,KY,4,4,1.0,100.0,9,12,0.75,50.0,11,11,1.0,100.0,20,21,0.952381,90.4762,6,7,0.857143,71.4286,14,17,0.823529,64.7059,14,19,0.736842,47.3684,13,16,0.8125,62.5,9,15,0.6,20.0,2,9,0.222222,-55.5556,13,14,0.928571,85.7143
David McCormick,,R,PA,3,3,1.0,100.0,8,8,1.0,100.0,5,5,1.0,100.0,19,19,1.0,100.0,2,2,1.0,100.0,14,14,1.0,100.0,10,10,1.0,100.0,13,13,1.0,100.0,5,5,1.0,100.0,1,1,1.0,100.0,14,14,1.0,100.0
Jeff Merkley,,D,OR,0,7,0.0,-100.0,0,12,0.0,-100.0,0,11,0.0,-100.0,0,22,0.0,-100.0,0,7,0.0,-100.0,1,16,0.0625,-87.5,2,18,0.111111,-77.7778,0,17,0.0,-100.0,0,16,0.0,-100.0,0,9,0.0,-100.0,0,16,0.0,-100.0
Ashley Moody,,R,FL,3,3,1.0,100.0,8,8,1.0,100.0,5,5,1.0,100.0,19,19,1.0,100.0,2,2,1.0,100.0,11,11,1.0,100.0,10,10,1.0,100.0,13,13,1.0,100.0,5,5,1.0,100.0,1,1,1.0,100.0,14,14,1.0,100.0
Jerry Moran,,R,KS,7,7,1.0,100.0,11,12,0.916667,83.3333,11,11,1.0,100.0,16,17,0.941176,88.2353,6,7,0.857143,71.4286,14,17,0.823529,64.7059,16,19,0.842105,68.4211,15,18,0.833333,66.6667,14,16,0.875,75.0,2,9,0.222222,-55.5556,18,18,1.0,100.0
Bernie Moreno,,R,OH,3,3,1.0,100.0,8,8,1.0,100.0,5,5,1.0,100.0,19,19,1.0,100.0,2,2,1.0,100.0,14,14,1.0,100.0,10,10,1.0,100.0,13,13,1.0,100.0,5,5,1.0,100.0,1,1,1.0,100.0,14,14,1.0,100.0
Markwayne Mullin,,R,OK,7,7,1.0,100.0,8,8,1.0,100.0,7,7,1.0,100.0,19,19,1.0,100.0,2,2,1.0,100.0,14,15,0.933333,86.6667,10,12,0.833333,66.6667,9,9,1.0,100.0,3,3,1.0,100.0,2,2,1.0,100.0,12,12,1.0,100.0
Lisa Murkowski,,R,AK,7,7,1.0,100.0,9,12,0.75,50.0,10,11,0.909091,81.8182,21,22,0.954545,90.9091,6,7,0.857143,71.4286,14,17,0.823529,64.7059,12,19,0.631579,26.3158,15,18,0.833333,66.6667,10,16,0.625,25.0,2,7,0.285714,-42.8571,15,18,0.833333,66.6667
Christopher Murphy,,D,CT,3,7,0.428571,-14.2857,0,12,0.0,-100.0,0,11,0.0,-100.0,0,19,0.0,-100.0,0,7,0.0,-100.0,0,17,0.0,-100.0,0,20,0.0,-100.0,0,18,0.0,-100.0,0,16,0.0,-100.0,0,9,0.0,-100.0,0,18,0.0,-100.0
Patty Murray,,D,WA,0,7,0.0,-100.0,0,12,0.0,-100.0,0,11,0.0,-100.0,0,22,0.0,-100.0,1,7,0.142857,-71.4286,0,16,0.0,-100.0,0,18,0.0,-100.0,0,18,0.0,-100.0,0,16,0.0,-100.0,0,9,0.0,-100.0,2,18,0.111111,-77.7778
Jon Ossoff,,D,GA,3,7,0.428571,-14.2857,2,12,0.166667,-66.6667,1,11,0.090909,-81.8182,2,22,0.090909,-81.8182,2,7,0.285714,-42.8571,3,17,0.176471,-64.7059,0,20,0.0,-100.0,2,18,0.111111,-77.7778,0,16,0.0,-100.0,0,9,0.0,-100.0,3,18,0.166667,-66.6667
Alex Padilla,,D,CA,0,7,0.0,-100.0,2,12,0.166667,-66.6667,1,11,0.090909,-81.8182,2,22,0.090909,-81.8182,1,7,0.142857,-71.4286,0,17,0.0,-100.0,0,20,0.0,-100.0,0,18,0.0,-100.0,0,16,0.0,-100.0,0,9,0.0,-100.0,0,18,0.0,-100.0
Rand Paul,,R,KY,6,7,0.857143,71.4286,12,12,1.0,100.0,11,11,1.0,100.0,17,21,0.809524,61.9048,3,5,0.6,20.0,15,17,0.882353,76.4706,20,20,1.0,100.0,16,18,0.888889,77.7778,14,16,0.875,75.0,9,9,1.0,100.0,13,15,0.866667,73.3333
Gary Peters,,D,MI,3,7,0.428571,-14.2857,0,12,0.0,-100.0,0,11,0.0,-100.0,0,22,0.0,-100.0,1,7,0.142857,-71.4286,3,17,0.176471,-64.7059,0,20,0.0,-100.0,0,18,0.0,-100.0,0,16,0.0,-100.0,0,9,0.0,-100.0,2,18,0.111111,-77.7778
John Reed,,D,RI,0,7,0.0,-100.0,0,12,0.0,-100.0,0,11,0.0,-100.0,0,22,0.0,-100.0,0,7,0.0,-100.0,0,17,0.0,-100.0,0,20,0.0,-100.0,0,18,0.0,-100.0,0,16,0.0,-100.0,0,9,0.0,-100.0,0,18,0.0,-100.0
Pete Ricketts,,R,NE,7,7,1.0,100.0,8,8,1.0,100.0,7,7,1.0,100.0,21,21,1.0,100.0,2,2,1.0,100.0,15,15,1.0,100.0,12,12,1.0,100.0,13,13,1.0,100.0,5,5,1.0,100.0,2,2,1.0,100.0,14,14,1.0,100.0
James  Risch,,R,ID,7,7,1.0,100.0,12,12,1.0,100.0,11,11,1.0,100.0,22,22,1.0,100.0,7,7,1.0,100.0,17,17,1.0,100.0,20,20,1.0,100.0,16,16,1.0,100.0,16,16,1.0,100.0,9,9,1.0,100.0,17,17,1.0,100.0
Jacky Rosen,,D,NV,0,3,0.0,-100.0,3,8,0.375,-25.0,1,5,0.2,-60.0,4,19,0.210526,-57.8947,2,2,1.0,100.0,6,14,0.428571,-14.2857,0,10,0.0,-100.0,0,13,0.0,-100.0,0,5,0.0,-100.0,0,1,0.0,-100.0,2,14,0.142857,-71.4286
Mike Rounds,,R,SD,7,7,1.0,100.0,10,12,0.833333,66.6667,11,11,1.0,100.0,21,22,0.954545,90.9091,4,5,0.8,60.0,16,17,0.941176,88.2353,18,20,0.9,80.0,15,18,0.833333,66.6667,13,13,1.0,100.0,5,9,0.555556,11.1111,16,17,0.941176,88.2353
Bernie Sanders,,I,VT,0,3,0.0,-100.0,0,8,0.0,-100.0,0,5,0.0,-100.0,0,19,0.0,-100.0,0,2,0.0,-100.0,0,14,0.0,-100.0,0,10,0.0,-100.0,0,11,0.0,-100.0,0,5,0.0,-100.0,0,1,0.0,-100.0,0,13,0.0,-100.0
Brian Schatz,,D,HI,0,7,0.0,-100.0,0,10,0.0,-100.0,0,10,0.0,-100.0,0,22,0.0,-100.0,1,7,0.142857,-71.4286,0,17,0.0,-100.0,0,20,0.0,-100.0,0,18,0.0,-100.0,0,16,0.0,-100.0,0,9,0.0,-100.0,2,18,0.111111,-77.7778
Adam Schiff,,D,CA,0,3,0.0,-100.0,2,8,0.25,-50.0,1,5,0.2,-60.0,2,16,0.125,-75.0,1,2,0.5,0.0,0,14,0.0,-100.0,0,10,0.0,-100.0,0,13,0.0,-100.0,0,5,0.0,-100.0,0,1,0.0,-100.0,0,14,0.0,-100.0
Eric  Schmitt,,R,MO,7,7,1.0,100.0,6,6,1.0,100.0,6,6,1.0,100.0,21,21,1.0,100.0,2,2,1.0,100.0,15,15,1.0,100.0,12,12,1.0,100.0,13,13,1.0,100.0,5,5,1.0,100.0,2,2,1.0,100.0,14,14,1.0,100.0
Charles Schumer,,D,NY,1,7,0.142857,-71.4286,3,12,0.25,-50.0,5,11,0.454545,-9.0909,0,22,0.0,-100.0,1,7,0.142857,-71.4286,0,17,0.0,-100.0,0,20,0.0,-100.0,0,18,0.0,-100.0,0,16,0.0,-100.0,0,9,0.0,-100.0,2,18,0.111111,-77.7778
Rick Scott,,R,FL,7,7,1.0,100.0,12,12,1.0,100.0,11,11,1.0,100.0,22,22,1.0,100.0,6,7,0.857143,71.4286,17,17,1.0,100.0,20,20,1.0,100.0,18,18,1.0,100.0,16,16,1.0,100.0,9,9,1.0,100.0,16,18,0.888889,77.7778
Tim Scott,,R,SC,7,7,1.0,100.0,12,12,1.0,100.0,11,11,1.0,100.0,20,20,1.0,100.0,7,7,1.0,100.0,17,17,1.0,100.0,20,20,1.0,100.0,16,16,1.0,100.0,16,16,1.0,100.0,8,8,1.0,100.0,17,17,1.0,100.0
Jeanne Shaheen,,D,NH,0,4,0.0,-100.0,0,12,0.0,-100.0,0,11,0.0,-100.0,2,19,0.105263,-78.9474,1,7,0.142857,-71.4286,5,17,0.294118,-41.1765,0,20,0.0,-100.0,0,18,0.0,-100.0,2,16,0.125,-75.0,0,9,0.0,-100.0,2,18,0.111111,-77.7778
Tim Sheehy,,R,MT,3,3,1.0,100.0,8,8,1.0,100.0,5,5,1.0,100.0,19,19,1.0,100.0,2,2,1.0,100.0,14,14,1.0,100.0,10,10,1.0,100.0,13,13,1.0,100.0,5,5,1.0,100.0,1,1,1.0,100.0,14,14,1.0,100.0
Elissa Slotkin,,D,MI,0,3,0.0,-100.0,2,8,0.25,-50.0,1,5,0.2,-60.0,2,19,0.105263,-78.9474,1,2,0.5,0.0,3,14,0.214286,-57.1429,0,10,0.0,-100.0,1,13,0.076923,-84.6154,0,5,0.0,-100.0,0,1,0.0,-100.0,2,14,0.142857,-71.4286
Tina Smith,,D,MN,0,7,0.0,-100.0,0,12,0.0,-100.0,0,11,0.0,-100.0,0,22,0.0,-100.0,0,7,0.0,-100.0,0,17,0.0,-100.0,0,19,0.0,-100.0,0,15,0.0,-100.0,0,16,0.0,-100.0,0,9,0.0,-100.0,0,16,0.0,-100.0
Dan Sullivan,,R,AK,7,7,1.0,100.0,12,12,1.0,100.0,10,11,0.909091,81.8182,22,22,1.0,100.0,7,7,1.0,100.0,17,17,1.0,100.0,18,20,0.9,80.0,16,16,1.0,100.0,13,15,0.866667,73.3333,8,9,0.888889,77.7778,18,18,1.0,100.0
John Thune,,R,SD,7,7,1.0,100.0,11,12,0.916667,83.3333,11,11,1.0,100.0,19,21,0.904762,80.9524,7,7,1.0,100.0,14,17,0.823529,64.7059,18,20,0.9,80.0,15,18,0.833333,66.6667,13,16,0.8125,62.5,7,7,1.0,100.0,18,18,1.0,100.0
Thomas Tillis,,R,NC,6,7,0.857143,71.4286,10,12,0.833333,66.6667,10,11,0.909091,81.8182,19,20,0.95,90.0,6,7,0.857143,71.4286,15,16,0.9375,87.5,13,20,0.65,30.0,15,17,0.882353,76.4706,8,16,0.5,0.0,2,9,0.222222,-55.5556,15,16,0.9375,87.5
Tommy Tuberville,,R,AL,7,7,1.0,100.0,10,11,0.909091,81.8182,11,11,1.0,100.0,19,19,1.0,100.0,7,7,1.0,100.0,13,15,0.866667,73.3333,20,20,1.0,100.0,18,18,1.0,100.0,16,16,1.0,100.0,9,9,1.0,100.0,18,18,1.0,100.0
Chris Van Hollen,,D,MD,0,7,0.0,-100.0,0,12,0.0,-100.0,0,11,0.0,-100.0,0,22,0.0,-100.0,0,7,0.0,-100.0,0,17,0.0,-100.0,0,20,0.0,-100.0,0,18,0.0,-100.0,0,16,0.0,-100.0,0,9,0.0,-100.0,0,18,0.0,-100.0
Mark Warner,,D,VA,3,7,0.428571,-14.2857,2,12,0.166667,-66.6667,3,11,0.272727,-45.4545,2,22,0.090909,-81.8182,2,7,0.285714,-42.8571,4,17,0.235294,-52.9412,0,20,0.0,-100.0,0,18,0.0,-100.0,0,16,0.0,-100.0,0,9,0.0,-100.0,2,18,0.111111,-77.7778
Raphael Warnock,,D,GA,3,7,0.428571,-14.2857,2,12,0.166667,-66.6667,1,10,0.1,-80.0,2,22,0.090909,-81.8182,1,7,0.142857,-71.4286,3,17,0.176471,-64.7059,0,18,0.0,-100.0,2,15,0.133333,-73.3333,0,16,0.0,-100.0,0,9,0.0,-100.0,1,18,0.055556,-88.8889
Elizabeth Warren,,D,MA,0,7,0.0,-100.0,0,12,0.0,-100.0,0,11,0.0,-100.0,0,22,0.0,-100.0,0,7,0.0,-100.0,1,17,0.058824,-88.2353,2,20,0.1,-80.0,0,16,0.0,-100.0,0,16,0.0,-100.0,0,9,0.0,-100.0,0,17,0.0,-100.0
Peter Welch,,D,VT,0,7,0.0,-100.0,0,8,0.0,-100.0,0,7,0.0,-100.0,0,21,0.0,-100.0,1,2,0.5,0.0,0,15,0.0,-100.0,0,12,0.0,-100.0,0,13,0.0,-100.0,0,5,0.0,-100.0,0,2,0.0,-100.0,2,14,0.142857,-71.4286
Sheldon Whitehouse,,D,RI,0,4,0.0,-100.0,0,12,0.0,-100.0,0,10,0.0,-100.0,0,22,0.0,-100.0,1,7,0.142857,-71.4286,0,15,0.0,-100.0,0,19,0.0,-100.0,0,13,0.0,-100.0,0,15,0.0,-100.0,0,9,0.0,-100.0,2,16,0.125,-75.0
Roger Wicker,,R,MS,7,7,1.0,100.0,9,10,0.9,80.0,10,10,1.0,100.0,21,22,0.954545,90.9091,6,7,0.857143,71.4286,15,17,0.882353,76.4706,19,20,0.95,90.0,12,15,0.8,60.0,14,16,0.875,75.0,2,9,0.222222,-55.5556,18,18,1.0,100.0
Ron Wyden,,D,OR,0,7,0.0,-100.0,1,12,0.083333,-83.3333,2,11,0.181818,-63.6364,0,22,0.0,-100.0,0,7,0.0,-100.0,0,17,0.0,-100.0,0,20,0.0,-100.0,0,18,0.0,-100.0,0,16,0.0,-100.0,0,9,0.0,-100.0,0,18,0.0,-100.0
Todd Young,,R,IN,7,7,1.0,100.0,9,12,0.75,50.0,10,11,0.909091,81.8182,21,22,0.954545,90.9091,6,7,0.857143,71.4286,14,17,0.823529,64.7059,13,20,0.65,30.0,15,18,0.833333,66.6667,13,16,0.8125,62.5,2,9,0.222222,-55.5556,17,18,0.944444,88.8889
Grijalva,G000606,D,AZ,0,0,0.0,0.0,0,2,0.0,-100.0,0,1,0.0,-100.0,0,8,0.0,-100.0,0,1,0.0,-100.0,0,1,0.0,-100.0,0,0,0.0,0.0,0,2,0.0,-100.0,0,2,0.0,-100.0,0,0,0.0,0.0,0,5,0.0,-100.0
Walkinshaw,W000831,D,VA,0,0,0.0,0.0,0,2,0.0,-100.0,0,1,0.0,-100.0,0,8,0.0,-100.0,0,1,0.0,-100.0,0,1,0.0,-100.0,0,0,0.0,0.0,0,2,0.0,-100.0,0,2,0.0,-100.0,0,0,0.0,0.0,0,5,0.0,-100.0
Menefee,M001245,D,TX,0,0,0.0,0.0,0,0,0.0,0.0,0,0,0.0,0.0,0,1,0.0,-100.0,0,1,0.0,-100.0,0,0,0.0,0.0,0,0,0.0,0.0,0,0,0.0,0.0,0,0,0.0,0.0,0,0,0.0,0.0,0,4,0.0,-100.0
Van Epps,V000139,R,TN,0,0,0.0,0.0,0,0,0.0,0.0,0,0,0.0,0.0,3,3,1.0,100.0,1,1,1.0,100.0,0,0,0.0,0.0,0,0,0.0,0.0,0,0,0.0,0.0,2,2,1.0,100.0,0,0,0.0,0.0,4,4,1.0,100.0
Turner (TX),T000489,D,TX,0,2,0.0,-100.0,0,0,0.0,0.0,0,0,0.0,0.0,0,0,0.0,0.0,0,0,0.0,0.0,0,3,0.0,-100.0,0,0,0.0,0.0,0,3,0.0,-100.0,0,0,0.0,0.0,0,0,0.0,0.0,0,1,0.0,-100.0
Caraveo,C001134,D,CO,0,3,0.0,-100.0,1,1,1.0,100.0,0,1,0.0,-100.0,2,2,1.0,100.0,0,2,0.0,-100.0,0,0,0.0,0.0,0,0,0.0,0.0,2,2,1.0,100.0,2,2,1.0,100.0,0,0,0.0,0.0,2,2,1.0,100.0
Chavez-DeRemer,C001135,R,OR,3,3,1.0,100.0,1,1,1.0,100.0,1,1,1.0,100.0,2,2,1.0,100.0,2,2,1.0,100.0,0,0,0.0,0.0,0,0,0.0,0.0,1,1,1.0,100.0,0,0,0.0,0.0,0,0,0.0,0.0,2,2,1.0,100.0
D'Esposito,D000632,R,NY,3,3,1.0,100.0,1,1,1.0,100.0,1,1,1.0,100.0,2,2,1.0,100.0,2,2,1.0,100.0,0,0,0.0,0.0,0,0,0.0,0.0,2,2,1.0,100.0,2,2,1.0,100.0,0,0,0.0,0.0,2,2,1.0,100.0
Duarte,D000633,R,CA,3,3,1.0,100.0,1,1,1.0,100.0,1,1,1.0,100.0,2,2,1.0,100.0,2,2,1.0,100.0,0,0,0.0,0.0,0,0,0.0,0.0,2,2,1.0,100.0,2,2,1.0,100.0,0,0,0.0,0.0,2,2,1.0,100.0
Jackson (NC),J000308,D,NC,0,3,0.0,-100.0,0,1,0.0,-100.0,0,1,0.0,-100.0,0,2,0.0,-100.0,0,2,0.0,-100.0,0,0,0.0,0.0,0,0,0.0,0.0,1,1,1.0,100.0,0,0,0.0,0.0,0,0,0.0,0.0,2,2,1.0,100.0
Molinaro,M001221,R,NY,3,3,1.0,100.0,1,1,1.0,100.0,1,1,1.0,100.0,2,2,1.0,100.0,2,2,1.0,100.0,0,0,0.0,0.0,0,0,0.0,0.0,2,2,1.0,100.0,2,2,1.0,100.0,0,0,0.0,0.0,2,2,1.0,100.0
Nickel,N000194,D,NC,0,3,0.0,-100.0,1,1,1.0,100.0,0,1,0.0,-100.0,2,2,1.0,100.0,0,2,0.0,-100.0,0,0,0.0,0.0,0,0,0.0,0.0,2,2,1.0,100.0,2,2,1.0,100.0,0,0,0.0,0.0,2,2,1.0,100.0
Santos,S001222,R,NY,3,3,1.0,100.0,1,1,1.0,100.0,1,1,1.0,100.0,2,2,1.0,100.0,2,2,1.0,100.0,0,0,0.0,0.0,0,0,0.0,0.0,0,0,0.0,0.0,0,0,0.0,0.0,0,0,0.0,0.0,0,0,0.0,0.0
Williams (NY),W000828,R,NY,3,3,1.0,100.0,1,1,1.0,100.0,0,0,0.0,0.0,2,2,1.0,100.0,0,0,0.0,0.0,0,0,0.0,0.0,0,0,0.0,0.0,2,2,1.0,100.0,2,2,1.0,100.0,0,0,0.0,0.0,2,2,1.0,100.0
Abraham,A000374,R,LA,0,1,0.0,-100.0,0,2,0.0,-100.0,0,0,0.0,0.0,1,1,1.0,100.0,0,0,0.0,0.0,3,3,1.0,100.0,0,0,0.0,0.0,2,2,1.0,100.0,1,1,1.0,100.0,0,0,0.0,0.0,2,2,1.0,100.0
Amash,A000367,R,MI,6,6,1.0,100.0,2,2,1.0,100.0,2,2,1.0,100.0,2,2,1.0,100.0,0,0,0.0,0.0,3,3,1.0,100.0,1,1,1.0,100.0,2,2,1.0,100.0,3,3,1.0,100.0,0,0,0.0,0.0,3,3,1.0,100.0
Bishop (UT),B001250,R,UT,5,6,0.833333,66.6667,0,2,0.0,-100.0,2,2,1.0,100.0,1,1,1.0,100.0,0,0,0.0,0.0,2,3,0.666667,33.3333,0,1,0.0,-100.0,0,0,0.0,0.0,1,3,0.333333,-33.3333,0,0,0.0,0.0,1,3,0.333333,-33.3333
Brindisi,B001308,D,NY,0,6,0.0,-100.0,0,2,0.0,-100.0,0,2,0.0,-100.0,0,2,0.0,-100.0,0,0,0.0,0.0,0,3,0.0,-100.0,0,1,0.0,-100.0,0,2,0.0,-100.0,0,3,0.0,-100.0,0,0,0.0,0.0,0,3,0.0,-100.0
Brooks (IN),B001284,R,IN,2,4,0.5,0.0,0,2,0.0,-100.0,0,2,0.0,-100.0,0,1,0.0,-100.0,0,0,0.0,0.0,2,3,0.666667,33.3333,0,1,0.0,-100.0,0,2,0.0,-100.0,1,3,0.333333,-33.3333,0,0,0.0,0.0,1,3,0.333333,-33.3333
Byrne,B001289,R,AL,3,5,0.6,20.0,2,2,1.0,100.0,0,0,0.0,0.0,1,2,0.5,0.0,0,0,0.0,0.0,3,3,1.0,100.0,1,1,1.0,100.0,2,2,1.0,100.0,3,3,1.0,100.0,0,0,0.0,0.0,3,3,1.0,100.0
Clay,C001049,D,MO,0,4,0.0,-100.0,0,2,0.0,-100.0,0,2,0.0,-100.0,0,1,0.0,-100.0,0,0,0.0,0.0,0,3,0.0,-100.0,0,1,0.0,-100.0,0,2,0.0,-100.0,0,3,0.0,-100.0,0,0,0.0,0.0,0,3,0.0,-100.0
Collins (GA),C001093,R,GA,3,4,0.75,50.0,0,2,0.0,-100.0,2,2,1.0,100.0,1,1,1.0,100.0,0,0,0.0,0.0,3,3,1.0,100.0,0,1,0.0,-100.0,2,2,1.0,100.0,1,3,0.333333,-33.3333,0,0,0.0,0.0,3,3,1.0,100.0
Collins (NY),C001092,R,NY,2,2,1.0,100.0,0,0,0.0,0.0,0,0,0.0,0.0,0,0,0.0,0.0,0,0,0.0,0.0,0,1,0.0,-100.0,0,1,0.0,-100.0,0,0,0.0,0.0,0,2,0.0,-100.0,0,0,0.0,0.0,1,3,0.333333,-33.3333
Conaway,C001062,R,TX,6,6,1.0,100.0,2,2,1.0,100.0,2,2,1.0,100.0,1,2,0.5,0.0,0,0,0.0,0.0,2,3,0.666667,33.3333,0,1,0.0,-100.0,0,2,0.0,-100.0,1,3,0.333333,-33.3333,0,0,0.0,0.0,1,3,0.333333,-33.3333
Cook,C001094,R,CA,2,3,0.666667,33.3333,0,2,0.0,-100.0,0,0,0.0,0.0,0,1,0.0,-100.0,0,0,0.0,0.0,2,3,0.666667,33.3333,0,1,0.0,-100.0,0,2,0.0,-100.0,1,3,0.333333,-33.3333,0,0,0.0,0.0,1,3,0.333333,-33.3333
Cox (CA),C001124,D,CA,0,6,0.0,-100.0,0,2,0.0,-100.0,0,2,0.0,-100.0,0,2,0.0,-100.0,0,0,0.0,0.0,0,3,0.0,-100.0,0,1,0.0,-100.0,0,2,0.0,-100.0,0,3,0.0,-100.0,0,0,0.0,0.0,0,3,0.0,-100.0
Crist,C001111,D,FL,0,6,0.0,-100.0,0,6,0.0,-100.0,0,5,0.0,-100.0,0,5,0.0,-100.0,0,5,0.0,-100.0,0,5,0.0,-100.0,0,7,0.0,-100.0,0,5,0.0,-100.0,0,12,0.0,-100.0,0,6,0.0,-100.0,0,7,0.0,-100.0
Cummings,C000984,D,MD,0,2,0.0,-100.0,0,0,0.0,0.0,0,0,0.0,0.0,0,0,0.0,0.0,0,0,0.0,0.0,0,1,0.0,-100.0,0,0,0.0,0.0,0,0,0.0,0.0,0,0,0.0,0.0,0,0,0.0,0.0,0,3,0.0,-100.0
Cunningham,C001122,D,SC,0,6,0.0,-100.0,0,2,0.0,-100.0,0,2,0.0,-100.0,0,2,0.0,-100.0,0,0,0.0,0.0,0,3,0.0,-100.0,0,0,0.0,0.0,0,2,0.0,-100.0,0,1,0.0,-100.0,0,0,0.0,0.0,0,3,0.0,-100.0
Davis (CA),D000598,D,CA,0,6,0.0,-100.0,0,2,0.0,-100.0,0,2,0.0,-100.0,0,2,0.0,-100.0,0,0,0.0,0.0,0,3,0.0,-100.0,0,1,0.0,-100.0,0,2,0.0,-100.0,0,3,0.0,-100.0,0,0,0.0,0.0,0,3,0.0,-100.0
Delgado,D000630,D,NY,0,6,0.0,-100.0,0,6,0.0,-100.0,0,5,0.0,-100.0,0,5,0.0,-100.0,0,5,0.0,-100.0,0,5,0.0,-100.0,0,3,0.0,-100.0,0,5,0.0,-100.0,0,9,0.0,-100.0,0,4,0.0,-100.0,0,7,0.0,-100.0
Deutch,D000610,D,FL,0,6,0.0,-100.0,0,6,0.0,-100.0,0,5,0.0,-100.0,0,6,0.0,-100.0,0,5,0.0,-100.0,0,4,0.0,-100.0,0,7,0.0,-100.0,0,5,0.0,-100.0,0,14,0.0,-100.0,0,9,0.0,-100.0,0,5,0.0,-100.0
Duffy,D000614,R,WI,0,0,0.0,0.0,0,0,0.0,0.0,0,0,0.0,0.0,0,0,0.0,0.0,0,0,0.0,0.0,1,1,1.0,100.0,1,1,1.0,100.0,0,0,0.0,0.0,2,2,1.0,100.0,0,0,0.0,0.0,2,2,1.0,100.0
Engel,E000179,D,NY,0,6,0.0,-100.0,0,2,0.0,-100.0,0,2,0.0,-100.0,0,2,0.0,-100.0,0,0,0.0,0.0,0,3,0.0,-100.0,0,1,0.0,-100.0,0,2,0.0,-100.0,0,3,0.0,-100.0,0,0,0.0,0.0,0,3,0.0,-100.0
Finkenauer,F000467,D,IA,0,4,0.0,-100.0,0,2,0.0,-100.0,0,2,0.0,-100.0,0,1,0.0,-100.0,0,0,0.0,0.0,0,3,0.0,-100.0,0,1,0.0,-100.0,0,2,0.0,-100.0,0,3,0.0,-100.0,0,0,0.0,0.0,0,3,0.0,-100.0
Flores,F000461,R,TX,6,6,1.0,100.0,2,2,1.0,100.0,2,2,1.0,100.0,2,2,1.0,100.0,0,0,0.0,0.0,2,3,0.666667,33.3333,0,1,0.0,-100.0,2,2,1.0,100.0,1,3,0.333333,-33.3333,0,0,0.0,0.0,1,3,0.333333,-33.3333
Fortenberry,F000449,R,NE,2,6,0.333333,-33.3333,4,6,0.666667,33.3333,3,5,0.6,20.0,3,5,0.6,20.0,4,5,0.8,60.0,4,5,0.8,60.0,2,3,0.666667,33.3333,3,5,0.6,20.0,7,9,0.777778,55.5556,2,4,0.5,0.0,5,7,0.714286,42.8571
Fudge,F000455,D,OH,0,4,0.0,-100.0,0,2,0.0,-100.0,0,2,0.0,-100.0,0,1,0.0,-100.0,0,0,0.0,0.0,0,3,0.0,-100.0,0,1,0.0,-100.0,0,4,0.0,-100.0,0,4,0.0,-100.0,0,0,0.0,0.0,0,3,0.0,-100.0
Gabbard,G000571,D,HI,0,5,0.0,-100.0,0,0,0.0,0.0,0,2,0.0,-100.0,0,1,0.0,-100.0,0,0,0.0,0.0,0,1,0.0,-100.0,0,1,0.0,-100.0,0,0,0.0,0.0,0,2,0.0,-100.0,0,0,0.0,0.0,0,3,0.0,-100.0
Gianforte,G000584,R,MT,3,4,0.75,50.0,2,2,1.0,100.0,0,2,0.0,-100.0,1,1,1.0,100.0,0,0,0.0,0.0,2,3,0.666667,33.3333,0,1,0.0,-100.0,2,2,1.0,100.0,1,3,0.333333,-33.3333,0,0,0.0,0.0,1,3,0.333333,-33.3333
Graves (GA),G000560,R,GA,3,4,0.75,50.0,0,2,0.0,-100.0,2,2,1.0,100.0,0,1,0.0,-100.0,0,0,0.0,0.0,3,3,1.0,100.0,0,1,0.0,-100.0,0,2,0.0,-100.0,1,3,0.333333,-33.3333,0,0,0.0,0.0,3,3,1.0,100.0
Haaland,H001080,D,NM,0,6,0.0,-100.0,0,2,0.0,-100.0,0,2,0.0,-100.0,0,2,0.0,-100.0,0,0,0.0,0.0,0,3,0.0,-100.0,0,1,0.0,-100.0,0,4,0.0,-100.0,0,4,0.0,-100.0,0,0,0.0,0.0,0,3,0.0,-100.0
Hagedorn,H001088,R,MN,6,6,1.0,100.0,4,4,1.0,100.0,3,3,1.0,100.0,4,5,0.8,60.0,5,5,1.0,100.0,2,3,0.666667,33.3333,3,3,1.0,100.0,3,5,0.6,20.0,9,9,1.0,100.0,4,4,1.0,100.0,5,7,0.714286,42.8571
Hastings,H000324,D,FL,0,4,0.0,-100.0,0,2,0.0,-100.0,0,2,0.0,-100.0,0,2,0.0,-100.0,0,0,0.0,0.0,0,3,0.0,-100.0,0,1,0.0,-100.0,0,4,0.0,-100.0,0,4,0.0,-100.0,0,0,0.0,0.0,0,2,0.0,-100.0
Heck,H001064,D,WA,0,6,0.0,-100.0,0,2,0.0,-100.0,0,2,0.0,-100.0,0,2,0.0,-100.0,0,0,0.0,0.0,0,3,0.0,-100.0,0,1,0.0,-100.0,0,2,0.0,-100.0,0,3,0.0,-100.0,0,0,0.0,0.0,0,3,0.0,-100.0
Hill (CA),H001087,D,CA,0,2,0.0,-100.0,0,0,0.0,0.0,0,0,0.0,0.0,0,0,0.0,0.0,0,0,0.0,0.0,0,1,0.0,-100.0,0,1,0.0,-100.0,0,0,0.0,0.0,0,2,0.0,-100.0,0,0,0.0,0.0,0,3,0.0,-100.0
Holding,H001065,R,NC,3,3,1.0,100.0,2,2,1.0,100.0,0,0,0.0,0.0,1,1,1.0,100.0,0,0,0.0,0.0,3,3,1.0,100.0,1,1,1.0,100.0,2,2,1.0,100.0,3,3,1.0,100.0,0,0,0.0,0.0,3,3,1.0,100.0
"Horn, Kendra S.",H001083,D,OK,0,6,0.0,-100.0,0,2,0.0,-100.0,0,2,0.0,-100.0,0,2,0.0,-100.0,0,0,0.0,0.0,0,3,0.0,-100.0,0,1,0.0,-100.0,0,2,0.0,-100.0,0,3,0.0,-100.0,0,0,0.0,0.0,0,3,0.0,-100.0
Hunter,H001048,R,CA,2,2,1.0,100.0,0,0,0.0,0.0,0,0,0.0,0.0,0,0,0.0,0.0,0,0,0.0,0.0,3,3,1.0,100.0,1,1,1.0,100.0,0,0,0.0,0.0,3,3,1.0,100.0,0,0,0.0,0.0,3,3,1.0,100.0
Hurd (TX),H001073,R,TX,0,6,0.0,-100.0,0,2,0.0,-100.0,0,2,0.0,-100.0,0,2,0.0,-100.0,0,0,0.0,0.0,0,3,0.0,-100.0,0,1,0.0,-100.0,0,2,0.0,-100.0,0,3,0.0,-100.0,0,0,0.0,0.0,0,3,0.0,-100.0
Jones,J000255,R,NC,0,0,0.0,0.0,0,0,0.0,0.0,0,0,0.0,0.0,0,0,0.0,0.0,0,0,0.0,0.0,0,0,0.0,0.0,0,0,0.0,0.0,0,0,0.0,0.0,0,0,0.0,0.0,0,0,0.0,0.0,0,0,0.0,0.0
Kennedy,K000379,D,MA,0,6,0.0,-100.0,0,2,0.0,-100.0,0,2,0.0,-100.0,0,2,0.0,-100.0,0,0,0.0,0.0,0,3,0.0,-100.0,0,1,0.0,-100.0,0,2,0.0,-100.0,0,3,0.0,-100.0,0,0,0.0,0.0,0,3,0.0,-100.0
King (IA),K000362,R,IA,4,4,1.0,100.0,2,2,1.0,100.0,2,2,1.0,100.0,1,1,1.0,100.0,0,0,0.0,0.0,3,3,1.0,100.0,1,1,1.0,100.0,2,2,1.0,100.0,3,3,1.0,100.0,0,0,0.0,0.0,3,3,1.0,100.0
King (NY),K000210,R,NY,2,6,0.333333,-33.3333,0,2,0.0,-100.0,0,2,0.0,-100.0,0,2,0.0,-100.0,0,0,0.0,0.0,2,3,0.666667,33.3333,0,1,0.0,-100.0,0,2,0.0,-100.0,1,3,0.333333,-33.3333,0,0,0.0,0.0,1,3,0.333333,-33.3333
Lewis,L000287,D,GA,0,3,0.0,-100.0,0,2,0.0,-100.0,0,0,0.0,0.0,0,0,0.0,0.0,0,0,0.0,0.0,0,3,0.0,-100.0,0,1,0.0,-100.0,0,0,0.0,0.0,0,3,0.0,-100.0,0,0,0.0,0.0,0,3,0.0,-100.0
Lipinski,L000563,D,IL,0,6,0.0,-100.0,0,2,0.0,-100.0,0,2,0.0,-100.0,0,2,0.0,-100.0,0,0,0.0,0.0,0,3,0.0,-100.0,0,1,0.0,-100.0,0,2,0.0,-100.0,0,3,0.0,-100.0,0,0,0.0,0.0,0,3,0.0,-100.0
Loebsack,L000565,D,IA,0,6,0.0,-100.0,0,2,0.0,-100.0,0,2,0.0,-100.0,0,2,0.0,-100.0,0,0,0.0,0.0,0,3,0.0,-100.0,0,1,0.0,-100.0,0,2,0.0,-100.0,0,3,0.0,-100.0,0,0,0.0,0.0,0,3,0.0,-100.0
Lowey,L000480,D,NY,0,6,0.0,-100.0,0,2,0.0,-100.0,0,2,0.0,-100.0,0,2,0.0,-100.0,0,0,0.0,0.0,0,3,0.0,-100.0,0,1,0.0,-100.0,0,2,0.0,-100.0,0,3,0.0,-100.0,0,0,0.0,0.0,0,3,0.0,-100.0
Luján,L000570,D,NM,0,6,0.0,-100.0,0,2,0.0,-100.0,0,2,0.0,-100.0,0,2,0.0,-100.0,0,0,0.0,0.0,0,3,0.0,-100.0,0,1,0.0,-100.0,0,2,0.0,-100.0,0,3,0.0,-100.0,0,0,0.0,0.0,0,3,0.0,-100.0
Marchant,M001158,R,TX,3,3,1.0,100.0,0,0,0.0,0.0,2,2,1.0,100.0,1,1,1.0,100.0,0,0,0.0,0.0,3,3,1.0,100.0,1,1,1.0,100.0,2,2,1.0,100.0,3,3,1.0,100.0,0,0,0.0,0.0,3,3,1.0,100.0
Marshall,M001198,R,KS,5,6,0.833333,66.6667,2,2,1.0,100.0,0,2,0.0,-100.0,2,2,1.0,100.0,0,0,0.0,0.0,3,3,1.0,100.0,1,1,1.0,100.0,2,2,1.0,100.0,3,3,1.0,100.0,0,0,0.0,0.0,3,3,1.0,100.0
McAdams,M001209,D,UT,0,6,0.0,-100.0,0,2,0.0,-100.0,0,2,0.0,-100.0,1,2,0.5,0.0,0,0,0.0,0.0,0,3,0.0,-100.0,0,1,0.0,-100.0,2,2,1.0,100.0,0,3,0.0,-100.0,0,0,0.0,0.0,0,3,0.0,-100.0
McEachin,M001200,D,VA,0,6,0.0,-100.0,0,6,0.0,-100.0,0,5,0.0,-100.0,0,6,0.0,-100.0,0,5,0.0,-100.0,0,5,0.0,-100.0,0,6,0.0,-100.0,0,5,0.0,-100.0,0,15,0.0,-100.0,0,9,0.0,-100.0,0,7,0.0,-100.0
Meadows,M001187,R,NC,3,3,1.0,100.0,2,2,1.0,100.0,0,0,0.0,0.0,1,1,1.0,100.0,0,0,0.0,0.0,3,3,1.0,100.0,1,1,1.0,100.0,2,2,1.0,100.0,3,3,1.0,100.0,0,0,0.0,0.0,3,3,1.0,100.0
Mitchell,M001201,R,MI,3,4,0.75,50.0,0,2,0.0,-100.0,2,2,1.0,100.0,0,1,0.0,-100.0,0,0,0.0,0.0,3,3,1.0,100.0,1,1,1.0,100.0,0,2,0.0,-100.0,3,3,1.0,100.0,0,0,0.0,0.0,3,3,1.0,100.0
Mucarsel-Powell,M001207,D,FL,0,6,0.0,-100.0,0,2,0.0,-100.0,0,2,0.0,-100.0,0,2,0.0,-100.0,0,0,0.0,0.0,0,3,0.0,-100.0,0,1,0.0,-100.0,0,2,0.0,-100.0,0,3,0.0,-100.0,0,0,0.0,0.0,0,3,0.0,-100.0
Nunes,N000181,R,CA,6,6,1.0,100.0,5,5,1.0,100.0,5,5,1.0,100.0,5,5,1.0,100.0,4,4,1.0,100.0,2,3,0.666667,33.3333,2,3,0.666667,33.3333,5,5,1.0,100.0,7,9,0.777778,55.5556,2,2,1.0,100.0,5,7,0.714286,42.8571
Olson,O000168,R,TX,6,6,1.0,100.0,2,2,1.0,100.0,2,2,1.0,100.0,2,2,1.0,100.0,0,0,0.0,0.0,2,3,0.666667,33.3333,1,1,1.0,100.0,2,2,1.0,100.0,3,3,1.0,100.0,0,0,0.0,0.0,1,3,0.333333,-33.3333
Peterson,P000258,D,MN,0,6,0.0,-100.0,0,2,0.0,-100.0,0,2,0.0,-100.0,0,2,0.0,-100.0,0,0,0.0,0.0,0,3,0.0,-100.0,0,1,0.0,-100.0,0,2,0.0,-100.0,0,3,0.0,-100.0,0,0,0.0,0.0,0,3,0.0,-100.0
Ratcliffe,R000601,R,TX,3,3,1.0,100.0,2,2,1.0,100.0,0,0,0.0,0.0,1,1,1.0,100.0,0,0,0.0,0.0,1,1,1.0,100.0,1,1,1.0,100.0,2,2,1.0,100.0,2,2,1.0,100.0,0,0,0.0,0.0,3,3,1.0,100.0
Reed,R000585,R,NY,2,6,0.333333,-33.3333,2,6,0.333333,-33.3333,3,5,0.6,20.0,3,5,0.6,20.0,2,5,0.4,-20.0,4,5,0.8,60.0,2,2,1.0,100.0,3,5,0.6,20.0,7,7,1.0,100.0,2,4,0.5,0.0,3,7,0.428571,-14.2857
Richmond,R000588,D,LA,1,4,0.25,-50.0,0,2,0.0,-100.0,2,2,1.0,100.0,0,1,0.0,-100.0,0,0,0.0,0.0,0,3,0.0,-100.0,0,1,0.0,-100.0,0,2,0.0,-100.0,0,3,0.0,-100.0,0,0,0.0,0.0,0,3,0.0,-100.0
Riggleman,R000611,R,VA,3,5,0.6,20.0,2,2,1.0,100.0,0,0,0.0,0.0,1,2,0.5,0.0,0,0,0.0,0.0,2,3,0.666667,33.3333,1,1,1.0,100.0,2,2,1.0,100.0,3,3,1.0,100.0,0,0,0.0,0.0,1,3,0.333333,-33.3333
Roby,R000591,R,AL,2,5,0.4,-20.0,0,2,0.0,-100.0,0,0,0.0,0.0,0,2,0.0,-100.0,0,0,0.0,0.0,2,3,0.666667,33.3333,0,1,0.0,-100.0,0,2,0.0,-100.0,1,3,0.333333,-33.3333,0,0,0.0,0.0,1,3,0.333333,-33.3333
"Roe, David P.",R000582,R,TN,4,6,0.666667,33.3333,0,2,0.0,-100.0,0,2,0.0,-100.0,1,2,0.5,0.0,0,0,0.0,0.0,2,3,0.666667,33.3333,0,1,0.0,-100.0,0,2,0.0,-100.0,1,3,0.333333,-33.3333,0,0,0.0,0.0,1,3,0.333333,-33.3333
Rooney (FL),R000607,R,FL,0,0,0.0,0.0,0,0,0.0,0.0,0,0,0.0,0.0,1,1,1.0,100.0,0,0,0.0,0.0,3,3,1.0,100.0,1,1,1.0,100.0,2,2,1.0,100.0,3,3,1.0,100.0,0,0,0.0,0.0,2,2,1.0,100.0
Rose (NY),R000613,D,NY,0,6,0.0,-100.0,0,2,0.0,-100.0,0,2,0.0,-100.0,0,2,0.0,-100.0,0,0,0.0,0.0,0,3,0.0,-100.0,0,1,0.0,-100.0,0,2,0.0,-100.0,0,3,0.0,-100.0,0,0,0.0,0.0,0,3,0.0,-100.0
Rouda,R000616,D,CA,0,6,0.0,-100.0,0,2,0.0,-100.0,0,2,0.0,-100.0,0,2,0.0,-100.0,0,0,0.0,0.0,0,3,0.0,-100.0,0,1,0.0,-100.0,0,2,0.0,-100.0,0,3,0.0,-100.0,0,0,0.0,0.0,0,3,0.0,-100.0
Sensenbrenner,S000244,R,WI,2,2,1.0,100.0,0,0,0.0,0.0,0,0,0.0,0.0,2,2,1.0,100.0,0,0,0.0,0.0,3,3,1.0,100.0,1,1,1.0,100.0,2,2,1.0,100.0,3,3,1.0,100.0,0,0,0.0,0.0,2,2,1.0,100.0
Serrano,S000248,D,NY,0,5,0.0,-100.0,0,0,0.0,0.0,0,2,0.0,-100.0,0,1,0.0,-100.0,0,0,0.0,0.0,0,1,0.0,-100.0,0,1,0.0,-100.0,0,0,0.0,0.0,0,2,0.0,-100.0,0,0,0.0,0.0,0,3,0.0,-100.0
Shalala,S001206,D,FL,0,6,0.0,-100.0,0,2,0.0,-100.0,0,2,0.0,-100.0,0,2,0.0,-100.0,0,0,0.0,0.0,0,3,0.0,-100.0,0,1,0.0,-100.0,0,2,0.0,-100.0,0,3,0.0,-100.0,0,0,0.0,0.0,0,3,0.0,-100.0
Shimkus,S000364,R,IL,6,6,1.0,100.0,2,2,1.0,100.0,2,2,1.0,100.0,1,1,1.0,100.0,0,0,0.0,0.0,2,3,0.666667,33.3333,0,0,0.0,0.0,0,0,0.0,0.0,1,1,1.0,100.0,0,0,0.0,0.0,1,3,0.333333,-33.3333
Spano,S001210,R,FL,3,6,0.5,0.0,0,2,0.0,-100.0,2,2,1.0,100.0,1,2,0.5,0.0,0,0,0.0,0.0,3,3,1.0,100.0,1,1,1.0,100.0,2,2,1.0,100.0,3,3,1.0,100.0,0,0,0.0,0.0,3,3,1.0,100.0
Stivers,S001187,R,OH,4,6,0.666667,33.3333,0,2,0.0,-100.0,0,2,0.0,-100.0,1,2,0.5,0.0,0,0,0.0,0.0,2,3,0.666667,33.3333,0,1,0.0,-100.0,2,4,0.5,0.0,2,4,0.5,0.0,0,0,0.0,0.0,1,3,0.333333,-33.3333
Thornberry,T000238,R,TX,6,6,1.0,100.0,2,2,1.0,100.0,2,2,1.0,100.0,1,2,0.5,0.0,0,0,0.0,0.0,2,3,0.666667,33.3333,1,1,1.0,100.0,0,2,0.0,-100.0,3,3,1.0,100.0,0,0,0.0,0.0,1,3,0.333333,-33.3333
Tipton,T000470,R,CO,6,6,1.0,100.0,2,2,1.0,100.0,2,2,1.0,100.0,2,2,1.0,100.0,0,0,0.0,0.0,3,3,1.0,100.0,1,1,1.0,100.0,2,2,1.0,100.0,3,3,1.0,100.0,0,0,0.0,0.0,3,3,1.0,100.0
Torres Small (NM),T000484,D,NM,0,6,0.0,-100.0,0,2,0.0,-100.0,0,2,0.0,-100.0,0,2,0.0,-100.0,0,0,0.0,0.0,0,3,0.0,-100.0,0,1,0.0,-100.0,0,2,0.0,-100.0,0,3,0.0,-100.0,0,0,0.0,0.0,0,3,0.0,-100.0
Vela,V000132,D,TX,0,6,0.0,-100.0,0,6,0.0,-100.0,0,5,0.0,-100.0,0,5,0.0,-100.0,0,5,0.0,-100.0,3,5,0.6,20.0,1,3,0.333333,-33.3333,0,5,0.0,-100.0,3,8,0.375,-25.0,0,4,0.0,-100.0,2,5,0.4,-20.0
Visclosky,V000108,D,IN,1,6,0.166667,-66.6667,0,2,0.0,-100.0,2,2,1.0,100.0,0,2,0.0,-100.0,0,0,0.0,0.0,0,3,0.0,-100.0,0,1,0.0,-100.0,0,2,0.0,-100.0,0,3,0.0,-100.0,0,0,0.0,0.0,0,3,0.0,-100.0
Walden,W000791,R,OR,4,6,0.666667,33.3333,0,2,0.0,-100.0,0,2,0.0,-100.0,1,2,0.5,0.0,0,0,0.0,0.0,2,3,0.666667,33.3333,0,1,0.0,-100.0,0,2,0.0,-100.0,1,3,0.333333,-33.3333,0,0,0.0,0.0,1,3,0.333333,-33.3333
Walker,W000819,R,NC,5,6,0.833333,66.6667,0,2,0.0,-100.0,2,2,1.0,100.0,1,1,1.0,100.0,0,0,0.0,0.0,3,3,1.0,100.0,1,1,1.0,100.0,0,0,0.0,0.0,3,3,1.0,100.0,0,0,0.0,0.0,3,3,1.0,100.0
Walorski,W000813,R,IN,5,6,0.833333,66.6667,6,6,1.0,100.0,3,5,0.6,20.0,4,5,0.8,60.0,5,5,1.0,100.0,4,5,0.8,60.0,5,6,0.833333,66.6667,3,5,0.6,20.0,8,10,0.8,60.0,6,6,1.0,100.0,5,7,0.714286,42.8571
Watkins,W000824,R,KS,5,6,0.833333,66.6667,2,2,1.0,100.0,0,2,0.0,-100.0,2,2,1.0,100.0,0,0,0.0,0.0,3,3,1.0,100.0,1,1,1.0,100.0,2,2,1.0,100.0,3,3,1.0,100.0,0,0,0.0,0.0,3,3,1.0,100.0
Woodall,W000810,R,GA,5,5,1.0,100.0,0,0,0.0,0.0,2,2,1.0,100.0,1,2,0.5,0.0,0,0,0.0,0.0,2,3,0.666667,33.3333,0,1,0.0,-100.0,0,2,0.0,-100.0,1,3,0.333333,-33.3333,0,0,0.0,0.0,1,3,0.333333,-33.3333
Wright,W000827,R,TX,2,2,1.0,100.0,2,2,1.0,100.0,2,2,1.0,100.0,1,1,1.0,100.0,0,0,0.0,0.0,3,3,1.0,100.0,1,1,1.0,100.0,2,2,1.0,100.0,3,3,1.0,100.0,0,0,0.0,0.0,2,2,1.0,100.0
Yoho,Y000065,R,FL,4,4,1.0,100.0,2,2,1.0,100.0,2,2,1.0,100.0,1,1,1.0,100.0,0,0,0.0,0.0,3,3,1.0,100.0,1,1,1.0,100.0,2,2,1.0,100.0,3,3,1.0,100.0,0,0,0.0,0.0,3,3,1.0,100.0
Young,Y000033,R,AK,2,4,0.5,0.0,1,6,0.166667,-66.6667,3,5,0.6,20.0,1,4,0.25,-50.0,4,5,0.8,60.0,0,5,0.0,-100.0,2,3,0.666667,33.3333,2,5,0.4,-20.0,6,9,0.666667,33.3333,2,4,0.5,0.0,4,7,0.571429,14.2857
Mike Braun,,R,IN,4,4,1.0,100.0,4,4,1.0,100.0,6,6,1.0,100.0,3,3,1.0,100.0,5,5,1.0,100.0,3,3,1.0,100.0,10,10,1.0,100.0,5,5,1.0,100.0,11,11,1.0,100.0,8,8,1.0,100.0,4,4,1.0,100.0
Sherrod  Brown,,D,OH,3,4,0.75,50.0,0,4,0.0,-100.0,0,6,0.0,-100.0,0,3,0.0,-100.0,0,5,0.0,-100.0,0,3,0.0,-100.0,0,10,0.0,-100.0,0,5,0.0,-100.0,0,11,0.0,-100.0,0,8,0.0,-100.0,0,4,0.0,-100.0
Ben Cardin,,D,MD,0,4,0.0,-100.0,0,4,0.0,-100.0,0,6,0.0,-100.0,0,3,0.0,-100.0,0,5,0.0,-100.0,0,3,0.0,-100.0,0,10,0.0,-100.0,0,5,0.0,-100.0,0,11,0.0,-100.0,0,8,0.0,-100.0,0,4,0.0,-100.0
Thomas Carper,,D,DE,0,4,0.0,-100.0,0,4,0.0,-100.0,0,6,0.0,-100.0,0,3,0.0,-100.0,0,5,0.0,-100.0,0,3,0.0,-100.0,0,10,0.0,-100.0,0,5,0.0,-100.0,0,11,0.0,-100.0,0,8,0.0,-100.0,0,4,0.0,-100.0
Bob Casey,,D,PA,3,4,0.75,50.0,0,4,0.0,-100.0,0,6,0.0,-100.0,0,3,0.0,-100.0,0,5,0.0,-100.0,0,3,0.0,-100.0,0,10,0.0,-100.0,0,5,0.0,-100.0,0,11,0.0,-100.0,0,8,0.0,-100.0,0,4,0.0,-100.0
Dianne Feinstein,,D,CA,0,0,0.0,0.0,0,4,0.0,-100.0,0,4,0.0,-100.0,0,1,0.0,-100.0,0,4,0.0,-100.0,0,3,0.0,-100.0,0,10,0.0,-100.0,0,5,0.0,-100.0,0,11,0.0,-100.0,0,5,0.0,-100.0,0,4,0.0,-100.0
Joseph Manchin,,D,WV,3,4,0.75,50.0,0,4,0.0,-100.0,0,6,0.0,-100.0,0,3,0.0,-100.0,0,5,0.0,-100.0,0,3,0.0,-100.0,0,9,0.0,-100.0,0,5,0.0,-100.0,0,11,0.0,-100.0,0,6,0.0,-100.0,0,4,0.0,-100.0
Robert Menendez,,D,NJ,0,4,0.0,-100.0,0,3,0.0,-100.0,0,4,0.0,-100.0,0,3,0.0,-100.0,0,5,0.0,-100.0,0,3,0.0,-100.0,0,10,0.0,-100.0,0,5,0.0,-100.0,0,11,0.0,-100.0,0,8,0.0,-100.0,0,4,0.0,-100.0
Mitt Romney,,R,UT,4,4,1.0,100.0,2,4,0.5,0.0,5,6,0.833333,66.6667,3,3,1.0,100.0,4,4,1.0,100.0,2,3,0.666667,33.3333,3,10,0.3,-40.0,2,5,0.4,-20.0,5,11,0.454545,-9.0909,3,6,0.5,0.0,3,4,0.75,50.0
Jacklyn Rosen,,D,NV,3,4,0.75,50.0,0,4,0.0,-100.0,0,6,0.0,-100.0,0,3,0.0,-100.0,0,4,0.0,-100.0,0,3,0.0,-100.0,0,10,0.0,-100.0,0,5,0.0,-100.0,0,11,0.0,-100.0,0,6,0.0,-100.0,0,4,0.0,-100.0
Marco Rubio,,R,FL,4,4,1.0,100.0,4,4,1.0,100.0,5,6,0.833333,66.6667,2,3,0.666667,33.3333,4,5,0.8,60.0,6,6,1.0,100.0,8,10,0.8,60.0,5,5,1.0,100.0,9,9,1.0,100.0,3,7,0.428571,-14.2857,4,4,1.0,100.0
Bernard Sanders,,I,VT,1,4,0.25,-50.0,0,4,0.0,-100.0,2,6,0.333333,-33.3333,0,3,0.0,-100.0,0,5,0.0,-100.0,1,3,0.333333,-33.3333,3,10,0.3,-40.0,0,5,0.0,-100.0,0,11,0.0,-100.0,2,8,0.25,-50.0,0,4,0.0,-100.0
Kyrsten Sinema,,I,AZ,3,4,0.75,50.0,0,4,0.0,-100.0,0,6,0.0,-100.0,0,3,0.0,-100.0,0,5,0.0,-100.0,0,3,0.0,-100.0,0,10,0.0,-100.0,0,5,0.0,-100.0,0,11,0.0,-100.0,0,8,0.0,-100.0,0,4,0.0,-100.0
Debbie Stabenow,,D,MI,0,4,0.0,-100.0,0,4,0.0,-100.0,0,6,0.0,-100.0,0,1,0.0,-100.0,0,5,0.0,-100.0,0,3,0.0,-100.0,0,10,0.0,-100.0,0,5,0.0,-100.0,0,11,0.0,-100.0,0,7,0.0,-100.0,0,4,0.0,-100.0
Jon Tester,,D,MT,3,4,0.75,50.0,0,4,0.0,-100.0,0,6,0.0,-100.0,0,3,0.0,-100.0,0,5,0.0,-100.0,0,3,0.0,-100.0,0,10,0.0,-100.0,0,5,0.0,-100.0,0,11,0.0,-100.0,0,8,0.0,-100.0,0,4,0.0,-100.0
J. Vance,,R,OH,4,4,1.0,100.0,0,0,0.0,0.0,2,2,1.0,100.0,2,2,1.0,100.0,0,0,0.0,0.0,1,1,1.0,100.0,2,2,1.0,100.0,0,0,0.0,0.0,0,0,0.0,0.0,1,1,1.0,100.0,0,0,0.0,0.0
Roy Blunt,,R,MO,0,0,0.0,0.0,1,4,0.25,-50.0,3,4,0.75,50.0,0,1,0.0,-100.0,4,5,0.8,60.0,0,2,0.0,-100.0,3,8,0.375,-25.0,2,5,0.4,-20.0,5,11,0.454545,-9.0909,0,7,0.0,-100.0,3,4,0.75,50.0
Richard Burr,,R,NC,0,0,0.0,0.0,2,4,0.5,0.0,3,4,0.75,50.0,0,1,0.0,-100.0,2,2,1.0,100.0,2,2,1.0,100.0,3,8,0.375,-25.0,2,2,1.0,100.0,4,7,0.571429,14.2857,0,5,0.0,-100.0,3,4,0.75,50.0
Charles Grassley,,R,IA,0,0,0.0,0.0,3,4,0.75,50.0,4,4,1.0,100.0,1,1,1.0,100.0,5,5,1.0,100.0,0,2,0.0,-100.0,8,8,1.0,100.0,5,5,1.0,100.0,9,11,0.818182,63.6364,6,7,0.857143,71.4286,4,4,1.0,100.0
Jim Inhofe,,R,OK,0,0,0.0,0.0,3,3,1.0,100.0,4,4,1.0,100.0,0,0,0.0,0.0,4,4,1.0,100.0,0,0,0.0,0.0,8,8,1.0,100.0,2,5,0.4,-20.0,11,11,1.0,100.0,3,3,1.0,100.0,4,4,1.0,100.0
Patrick Leahy,,D,VT,0,0,0.0,0.0,0,4,0.0,-100.0,0,4,0.0,-100.0,0,1,0.0,-100.0,0,5,0.0,-100.0,0,2,0.0,-100.0,0,7,0.0,-100.0,0,5,0.0,-100.0,0,11,0.0,-100.0,0,5,0.0,-100.0,0,4,0.0,-100.0
Rob Portman,,R,OH,0,0,0.0,0.0,3,4,0.75,50.0,3,4,0.75,50.0,0,1,0.0,-100.0,2,5,0.4,-20.0,0,2,0.0,-100.0,3,8,0.375,-25.0,2,5,0.4,-20.0,5,9,0.555556,11.1111,0,6,0.0,-100.0,3,4,0.75,50.0
Ben Sasse,,R,NE,0,0,0.0,0.0,4,4,1.0,100.0,3,3,1.0,100.0,1,1,1.0,100.0,5,5,1.0,100.0,2,2,1.0,100.0,5,6,0.833333,66.6667,5,5,1.0,100.0,8,8,1.0,100.0,5,7,0.714286,42.8571,4,4,1.0,100.0
Richard Shelby,,R,AL,0,0,0.0,0.0,1,4,0.25,-50.0,4,4,1.0,100.0,0,1,0.0,-100.0,2,3,0.666667,33.3333,0,2,0.0,-100.0,8,8,1.0,100.0,2,5,0.4,-20.0,9,11,0.818182,63.6364,2,7,0.285714,-42.8571,2,3,0.666667,33.3333
Patrick Toomey,,R,PA,0,0,0.0,0.0,4,4,1.0,100.0,3,3,1.0,100.0,1,1,1.0,100.0,3,3,1.0,100.0,2,2,1.0,100.0,4,6,0.666667,33.3333,5,5,1.0,100.0,7,8,0.875,75.0,7,7,1.0,100.0,3,3,1.0,100.0
Lee Carter,L000605,D,TX,0,0,0.0,0.0,0,0,0.0,0.0,0,0,0.0,0.0,0,0,0.0,0.0,0,0,0.0,0.0,0,0,0.0,0.0,0,0,0.0,0.0,0,1,0.0,-100.0,0,0,0.0,0.0,0,0,0.0,0.0,0,2,0.0,-100.0
Lopez,L000604,R,CO,0,0,0.0,0.0,0,0,0.0,0.0,0,0,0.0,0.0,0,0,0.0,0.0,0,0,0.0,0.0,0,0,0.0,0.0,0,0,0.0,0.0,2,2,1.0,100.0,2,2,1.0,100.0,0,0,0.0,0.0,2,2,1.0,100.0
Laphonza Butler,,D,CA,0,1,0.0,-100.0,0,0,0.0,0.0,0,2,0.0,-100.0,0,0,0.0,0.0,0,0,0.0,0.0,0,0,0.0,0.0,0,0,0.0,0.0,0,0,0.0,0.0,0,0,0.0,0.0,0,0,0.0,0.0,0,0,0.0,0.0
Hall,H001092,D,GA,0,2,0.0,-100.0,0,0,0.0,0.0,0,0,0.0,0.0,0,1,0.0,-100.0,0,0,0.0,0.0,0,0,0.0,0.0,0,0,0.0,0.0,0,0,0.0,0.0,0,0,0.0,0.0,0,0,0.0,0.0,0,0,0.0,0.0
Alan Armstrong,,R,OK,0,0,0.0,0.0,0,0,0.0,0.0,0,0,0.0,0.0,2,2,1.0,100.0,0,0,0.0,0.0,0,0,0.0,0.0,0,0,0.0,0.0,0,0,0.0,0.0,2,2,1.0,100.0,0,0,0.0,0.0,0,0,0.0,0.0
